-- ============================================================
-- Seed de datos desde desarrollo (SQLite -> MySQL)
-- Ejecutar en: u508940478_cesgar_prod
-- ============================================================
SET FOREIGN_KEY_CHECKS=0;

-- User
TRUNCATE TABLE `User`;
INSERT INTO `User` (`id`,`email`,`passwordHash`,`name`,`role`,`createdAt`,`updatedAt`) VALUES ('cmnz7mf66000ro1bb0rqw34av','admin@cesgar.com','$2b$10$l8bu.hRs0jyBYuty.zaMuOS2cGm5CPRYUKa..dlHqhtEPRB43CLhe','Administrador','ADMIN','2026-04-14 22:45:23','2026-04-14 22:45:23');

-- Product (37)
TRUNCATE TABLE `Product`;
INSERT INTO `Product` (`id`,`name`,`slug`,`category`,`price`,`img`,`alt`,`shortDescription`,`description`,`salePrice`,`stock`,`createdAt`,`updatedAt`) VALUES ('cmo53bpti0000o1wmmtswfsu5','Boquillas de latón de 0.4 mm MK8','boquillas-de-laton-de-04-mm-mk8','Repuestos para impresoras 3D',4000,'https://res.cloudinary.com/dpnv9gx8m/image/upload/v1778961373/boquilla-mk8-de-laton-de-04mm-para-impresora-3d-150x150_jhtqvy.webp','Boquillas de latón de 0.4 mm MK8',NULL,NULL,NULL,99,'2026-04-19 01:31:42','2026-04-19 01:31:42');
INSERT INTO `Product` (`id`,`name`,`slug`,`category`,`price`,`img`,`alt`,`shortDescription`,`description`,`salePrice`,`stock`,`createdAt`,`updatedAt`) VALUES ('cmo53bptm0002o1wm2o7oeme5','Boquillas de latón de 0.6 mm MK8','boquillas-de-laton-de-06-mm-mk8','Repuestos para impresoras 3D',4000,'https://res.cloudinary.com/dpnv9gx8m/image/upload/v1778961373/boquilla-laton-06-impresion-3d-150x150_mxhvez.webp','Boquillas de latón de 0.6 mm MK8',NULL,NULL,NULL,99,'2026-04-19 01:31:42','2026-04-19 01:31:42');
INSERT INTO `Product` (`id`,`name`,`slug`,`category`,`price`,`img`,`alt`,`shortDescription`,`description`,`salePrice`,`stock`,`createdAt`,`updatedAt`) VALUES ('cmo53bpto0004o1wmv6yvbme3','Boquillas acero inoxidable 0.4 mm MK8','boquillas-acero-inoxidable-04-mm-mk8','Repuestos para impresoras 3D',10000,'https://res.cloudinary.com/dpnv9gx8m/image/upload/v1778961383/boquilla-acero-inoxidable-mk8-04_delzdn.webp','Boquillas acero inoxidable 0.4 mm MK8',NULL,NULL,NULL,98,'2026-04-19 01:31:42','2026-04-19 01:31:42');
INSERT INTO `Product` (`id`,`name`,`slug`,`category`,`price`,`img`,`alt`,`shortDescription`,`description`,`salePrice`,`stock`,`createdAt`,`updatedAt`) VALUES ('cmo53bptp0006o1wmk8mia8d4','Racor de cobre diámetro 4mm PC4 - M6','racor-de-cobre-diametro-4mm-pc4-m6','Repuestos para impresoras 3D',10000,'https://res.cloudinary.com/dpnv9gx8m/image/upload/v1778961351/conectores-neumaticos-pc4-m6-impresora-3d_sv5nym.png','Racor de cobre diámetro 4mm PC4 - M6',NULL,'Este es el número de modelo del racor, identificando específicamente su diseño y tamaño para una fácil referencia y compatibilidad con otros componentes de la impresora 3D.\r\\n\r\\nDiseñado para su uso con tubos de PTFE de diámetro exterior de 4 mm, lo que los hace compatibles con una variedad de impresoras 3D que utilizan este tipo de tubo para guiar el filamento desde el extrusor hasta el hotend.\r\\n\r\\nSe adapta a tubos de PTFE utilizados para filamentos de 1.75 mm y 3 mm de diámetro, lo que proporciona versatilidad en su aplicación y compatibilidad con diferentes tamaños de filamento.',NULL,97,'2026-04-19 01:31:42','2026-04-19 01:31:42');
INSERT INTO `Product` (`id`,`name`,`slug`,`category`,`price`,`img`,`alt`,`shortDescription`,`description`,`salePrice`,`stock`,`createdAt`,`updatedAt`) VALUES ('cmo53bptq0007o1wm1cn57u4m','Racor de cobre diámetro 4mm PC4-M6','racor-de-cobre-diametro-4mm-pc4-m6-1776562302590','Repuestos para impresoras 3D',7000,'https://res.cloudinary.com/dpnv9gx8m/image/upload/v1778961363/racor-pc4-m6-2_lgjjta.webp','Racor de cobre diámetro 4mm PC4-M6',NULL,'Este es el número de modelo del racor, identificando específicamente su diseño y tamaño para una fácil referencia y compatibilidad con otros componentes de la impresora 3D.\r\\n\r\\nDiseñado para su uso con tubos de PTFE de diámetro exterior de 4 mm, lo que los hace compatibles con una variedad de impresoras 3D que utilizan este tipo de tubo para guiar el filamento desde el extrusor hasta el hotend.\r\\n\r\\nSe adapta a tubos de PTFE utilizados para filamentos de 1.75 mm y 3 mm de diámetro, lo que proporciona versatilidad en su aplicación y compatibilidad con diferentes tamaños de filamento.\r\\n',NULL,99,'2026-04-19 01:31:42','2026-04-19 01:31:42');
INSERT INTO `Product` (`id`,`name`,`slug`,`category`,`price`,`img`,`alt`,`shortDescription`,`description`,`salePrice`,`stock`,`createdAt`,`updatedAt`) VALUES ('cmo53bpts0009o1wmdyqob2vu','Racor de cobre diámetro 4mm PC4-01','racor-de-cobre-diametro-4mm-pc4-01','Repuestos para impresoras 3D',8000,'https://res.cloudinary.com/dpnv9gx8m/image/upload/v1778961341/racor-pc4-m10-para-tubo-ptfe-en-impresora-3d-300x259_kxidxo.webp','Racor de cobre diámetro 4mm PC4-01',NULL,'Este es el número de modelo del racor, que identifica su diseño y tamaño específicos para una fácil referencia y compatibilidad con otros componentes de la impresora 3D.\r\\n\r\\nDiseñado para su uso con tubos de PTFE de 4 mm de diámetro exterior, asegurando una conexión precisa y segura con este tipo de tubo utilizado en sistemas de extrusión de impresoras 3D.\r\\n',NULL,99,'2026-04-19 01:31:42','2026-04-19 01:31:42');
INSERT INTO `Product` (`id`,`name`,`slug`,`category`,`price`,`img`,`alt`,`shortDescription`,`description`,`salePrice`,`stock`,`createdAt`,`updatedAt`) VALUES ('cmo53bptu000bo1wm3md1k12d','Resorte de acero recubrimiento de zinc X 4u','resorte-de-acero-recubrimiento-de-zinc-x-4u','Repuestos para impresoras 3D',11000,'https://res.cloudinary.com/dpnv9gx8m/image/upload/v1778961376/resorte-cama-impresion-acero-inoxidable_n7mdyx.webp','Resorte de acero recubrimiento de zinc X 4u',NULL,NULL,NULL,0,'2026-04-19 01:31:42','2026-04-19 01:31:42');
INSERT INTO `Product` (`id`,`name`,`slug`,`category`,`price`,`img`,`alt`,`shortDescription`,`description`,`salePrice`,`stock`,`createdAt`,`updatedAt`) VALUES ('cmo53bptv000do1wmaq234pma','Resorte cama impresión acero inoxidable X 4u','resorte-cama-impresion-acero-inoxidable-x-4u','Repuestos para impresoras 3D',6000,'https://res.cloudinary.com/dpnv9gx8m/image/upload/v1778961384/resorte-cama-de-impresion-acero-inoxidable-x-4-und-100x100_g2blqm.webp','Resorte cama impresión acero inoxidable X 4u',NULL,NULL,NULL,0,'2026-04-19 01:31:42','2026-04-19 01:31:42');
INSERT INTO `Product` (`id`,`name`,`slug`,`category`,`price`,`img`,`alt`,`shortDescription`,`description`,`salePrice`,`stock`,`createdAt`,`updatedAt`) VALUES ('cmo53bptx000fo1wm6xp5ps36','Resistencia calefactora 12v X 2m','resistencia-calefactora-12v-x-2m','Repuestos para impresoras 3D',10000,'https://res.cloudinary.com/dpnv9gx8m/image/upload/v1778961429/resistencia-calefactora-12v_mcfcum.png','Resistencia calefactora 12v X 2m',NULL,NULL,NULL,0,'2026-04-19 01:31:42','2026-04-19 01:31:42');
INSERT INTO `Product` (`id`,`name`,`slug`,`category`,`price`,`img`,`alt`,`shortDescription`,`description`,`salePrice`,`stock`,`createdAt`,`updatedAt`) VALUES ('cmo53bpty000ho1wm74bu2uec','Resistencia calefactora 24 V X 4mm','resistencia-calefactora-24-v-x-4mm','Repuestos para impresoras 3D',12000,'https://res.cloudinary.com/dpnv9gx8m/image/upload/v1778961378/resistencia-calefactora-24v_vp7xkz.webp','Resistencia calefactora 24 V X 4mm',NULL,NULL,NULL,0,'2026-04-19 01:31:42','2026-04-19 01:31:42');
INSERT INTO `Product` (`id`,`name`,`slug`,`category`,`price`,`img`,`alt`,`shortDescription`,`description`,`salePrice`,`stock`,`createdAt`,`updatedAt`) VALUES ('cmo53bpu9000jo1wmmqksud2p','Termistor 1% 45mW -40°C a +300°C','termistor-1-45mw-40c-a-300c','Repuestos para impresoras 3D',8000,'https://res.cloudinary.com/dpnv9gx8m/image/upload/v1778961361/termistor-2-100x100_loxo65.webp','Termistor 1% 45mW -40°C a +300°C',NULL,NULL,NULL,0,'2026-04-19 01:31:42','2026-04-19 01:31:42');
INSERT INTO `Product` (`id`,`name`,`slug`,`category`,`price`,`img`,`alt`,`shortDescription`,`description`,`salePrice`,`stock`,`createdAt`,`updatedAt`) VALUES ('cmo53bpub000lo1wmnrvo7dc3','Ventilador 24V X 40mm X 40mm X 10mm','ventilador-24v-x-40mm-x-40mm-x-10mm','Repuestos para impresoras 3D',9000,'https://res.cloudinary.com/dpnv9gx8m/image/upload/v1778961398/ventilador-refrigeracion-axial-24v-30mm-impresora-3d-295x300_hqaqes.webp','Ventilador 24V X 40mm X 40mm X 10mm',NULL,NULL,NULL,0,'2026-04-19 01:31:42','2026-04-19 01:31:42');
INSERT INTO `Product` (`id`,`name`,`slug`,`category`,`price`,`img`,`alt`,`shortDescription`,`description`,`salePrice`,`stock`,`createdAt`,`updatedAt`) VALUES ('cmo53bpuc000oo1wmwt6dzd81','Ventilador de refrigeracion 24V 30mm x 30mm x 10mm','ventilador-de-refrigeracion-24v-30mm-x-30mm-x-10mm','Repuestos para impresoras 3D',20000,'https://res.cloudinary.com/dpnv9gx8m/image/upload/v1778961292/ventilador-refrigeracion-axial-24v-30mm-impresora-3d-x-10mm_ibrtdl.webp','Ventilador de refrigeracion 24V 30mm x 30mm x 10mm',NULL,NULL,NULL,0,'2026-04-19 01:31:42','2026-04-19 01:31:42');
INSERT INTO `Product` (`id`,`name`,`slug`,`category`,`price`,`img`,`alt`,`shortDescription`,`description`,`salePrice`,`stock`,`createdAt`,`updatedAt`) VALUES ('cmo53bpud000ro1wm0k6o7zlv','Modulo TL-Smoother reduce la vibración y el ruido','modulo-tl-smoother-reduce-la-vibracion-y-el-ruido','Repuestos para impresoras 3D',11000,'https://res.cloudinary.com/dpnv9gx8m/image/upload/v1778961362/modulo-tl-smoother-v1-impresora-3d-reductor-ruido-300x209_cdbwk5.webp','Modulo TL-Smoother reduce la vibración y el ruido',NULL,'Menor vibración, menor ruido, resultados más suaves: El TL-Smoother reduce la vibración y el ruido, lo que resulta en una impresión más suave y de mayor calidad.',NULL,0,'2026-04-19 01:31:42','2026-04-19 01:31:42');
INSERT INTO `Product` (`id`,`name`,`slug`,`category`,`price`,`img`,`alt`,`shortDescription`,`description`,`salePrice`,`stock`,`createdAt`,`updatedAt`) VALUES ('cmo53bpue000uo1wmef7dmk4b','Bloque calefactor Creality 20 x 20 x 10 mm','bloque-calefactor-creality-20-x-20-x-10-mm','Repuestos para impresoras 3D',14000,'https://res.cloudinary.com/dpnv9gx8m/image/upload/v1778961308/bloque-calefactor-hotend-creality-impresora-3d-150x150_hkqlbj.webp','Bloque calefactor Creality 20 x 20 x 10 mm',NULL,NULL,NULL,0,'2026-04-19 01:31:42','2026-04-19 01:31:42');
INSERT INTO `Product` (`id`,`name`,`slug`,`category`,`price`,`img`,`alt`,`shortDescription`,`description`,`salePrice`,`stock`,`createdAt`,`updatedAt`) VALUES ('cmo53bpuf000wo1wmadinw87o','Protector Silicona Hotend Impresora 3d Creality','protector-silicona-hotend-impresora-3d-creality','Repuestos para impresoras 3D',10000,'https://res.cloudinary.com/dpnv9gx8m/image/upload/v1778961345/protector-silicona-hotend-impresora-3d-bloque-calor_cd8lod.webp','Protector Silicona Hotend Impresora 3d Creality',NULL,NULL,NULL,0,'2026-04-19 01:31:42','2026-04-19 01:31:42');
INSERT INTO `Product` (`id`,`name`,`slug`,`category`,`price`,`img`,`alt`,`shortDescription`,`description`,`salePrice`,`stock`,`createdAt`,`updatedAt`) VALUES ('cmo53bpug000yo1wmfgww1ui5','Microbroca de carburo de tungsteno para PCB, de 0,6mm X 7mm. Modelo Q1I0.','microbroca-de-carburo-de-tungsteno-para-pcb-de-06mm-x-7mm-modelo-q1i0','Repuestos para CNC',5000,'https://res.cloudinary.com/dpnv9gx8m/image/upload/v1778961441/set-brocas-micro-carburo-0-1-mm-preforacion-precision_xnhzux.png','Microbroca de carburo de tungsteno para PCB, de 0,6mm X 7mm. Modelo Q1I0.','Microbroca de carburo de tungsteno de alta precisión, diseñada para perforar PCB y otros trabajos electrónicos. Con tamaños de 0,6mm X 7mm, esta broca ofrece gran resistencia al desgaste y una perforación suave gracias a su borde de corte afilado y simétrico. Ideal para aplicaciones industriales que requieren precisión y eficiencia.','Caracteristicas\r\\n<ul>\r\\n 	<li>Fabricadas en carburo de tungsteno, un material de alta dureza y resistencia al desgaste, lo que las hace difíciles de doblar o romper.</li>\r\\n 	<li>Eficiente eliminación de virutas para perforaciones suaves y precisas.</li>\r\\n 	<li>Borde de corte afilado que reduce la fuerza de corte y mejora la calidad de la perforación.</li>\r\\n 	<li>Corte simétrico que asegura alta eficiencia y previene desviaciones durante el trabajo.</li>\r\\n 	<li>Adecuadas para PCB, SMT, moldes, y otras aplicaciones en la industria electrónica y de hardware.</li>\r\\n 	<li>Varios tamaños incluidos para diferentes necesidades de perforación.</li>\r\\n</ul>\r\\nEspecificaciones:\r\\n<ul>\r\\n 	<li>Producto completamente nuevo y de excelente calidad.</li>\r\\n 	<li>Material: Carburo de tungsteno + HSS.</li>\r\\n 	<li>Tamaños: 0,6mm X 7mm</li>\r\\n 	<li>Diámetro del mango: 3.175 mm.</li>\r\\n 	<li>Cantidad: 1 pieza.</li>\r\\n</ul>\r\\nNota:\r\\n<ul>\r\\n 	<li>La medición manual puede generar pequeños errores.</li>\r\\n 	<li>Los colores mostrados pueden variar según la configuración de la pantalla.</li>\r\\n</ul>',NULL,0,'2026-04-19 01:31:42','2026-04-19 01:31:42');
INSERT INTO `Product` (`id`,`name`,`slug`,`category`,`price`,`img`,`alt`,`shortDescription`,`description`,`salePrice`,`stock`,`createdAt`,`updatedAt`) VALUES ('cmo53bpug0012o1wm9yasyjs3','Microbroca de carburo de tungsteno para PCB, de 0,7mm X 9,5mm. Modelo Q1I0.','microbroca-de-carburo-de-tungsteno-para-pcb-de-07mm-x-95mm-modelo-q1i0','Repuestos para CNC',5000,'https://res.cloudinary.com/dpnv9gx8m/image/upload/v1778961441/set-brocas-micro-carburo-0-1-mm-preforacion-precision_xnhzux.png','Microbroca de carburo de tungsteno para PCB, de 0,7mm X 9,5mm. Modelo Q1I0.','Microbroca de carburo de tungsteno de alta precisión, diseñada para perforar PCB y otros trabajos electrónicos. Con tamaños de 0,7mm X 9,5mm, esta broca ofrece gran resistencia al desgaste y una perforación suave gracias a su borde de corte afilado y simétrico. Ideal para aplicaciones industriales que requieren precisión y eficiencia.','Caracteristicas\r\\n<ul>\r\\n 	<li>Fabricadas en carburo de tungsteno, un material de alta dureza y resistencia al desgaste, lo que las hace difíciles de doblar o romper.</li>\r\\n 	<li>Eficiente eliminación de virutas para perforaciones suaves y precisas.</li>\r\\n 	<li>Borde de corte afilado que reduce la fuerza de corte y mejora la calidad de la perforación.</li>\r\\n 	<li>Corte simétrico que asegura alta eficiencia y previene desviaciones durante el trabajo.</li>\r\\n 	<li>Adecuadas para PCB, SMT, moldes, y otras aplicaciones en la industria electrónica y de hardware.</li>\r\\n 	<li>Varios tamaños incluidos para diferentes necesidades de perforación.</li>\r\\n</ul>\r\\nEspecificaciones:\r\\n<ul>\r\\n 	<li>Producto completamente nuevo y de excelente calidad.</li>\r\\n 	<li>Material: Carburo de tungsteno + HSS.</li>\r\\n 	<li>Tamaños: 0,7mm X 9,5mm</li>\r\\n 	<li>Diámetro del mango: 3.175 mm.</li>\r\\n 	<li>Cantidad: 1 pieza.</li>\r\\n</ul>\r\\nNota:\r\\n<ul>\r\\n 	<li>La medición manual puede generar pequeños errores.</li>\r\\n 	<li>Los colores mostrados pueden variar según la configuración de la pantalla.</li>\r\\n</ul>',NULL,0,'2026-04-19 01:31:42','2026-04-19 01:31:42');
INSERT INTO `Product` (`id`,`name`,`slug`,`category`,`price`,`img`,`alt`,`shortDescription`,`description`,`salePrice`,`stock`,`createdAt`,`updatedAt`) VALUES ('cmo53bpuh0016o1wm99crvgv4','Microbroca de carburo de tungsteno para PCB, de 0,8mm X 10mm. Modelo Q1I0.','microbroca-de-carburo-de-tungsteno-para-pcb-de-08mm-x-10mm-modelo-q1i0','Repuestos para CNC',5000,'https://res.cloudinary.com/dpnv9gx8m/image/upload/v1778961441/set-brocas-micro-carburo-0-1-mm-preforacion-precision_xnhzux.png','Microbroca de carburo de tungsteno para PCB, de 0,8mm X 10mm. Modelo Q1I0.','Microbroca de carburo de tungsteno de alta precisión, diseñada para perforar PCB y otros trabajos electrónicos. Con tamaños de 0,8mm X 10mm, esta broca ofrece gran resistencia al desgaste y una perforación suave gracias a su borde de corte afilado y simétrico. Ideal para aplicaciones industriales que requieren precisión y eficiencia.','Caracteristicas\r\\n<ul>\r\\n 	<li>Fabricadas en carburo de tungsteno, un material de alta dureza y resistencia al desgaste, lo que las hace difíciles de doblar o romper.</li>\r\\n 	<li>Eficiente eliminación de virutas para perforaciones suaves y precisas.</li>\r\\n 	<li>Borde de corte afilado que reduce la fuerza de corte y mejora la calidad de la perforación.</li>\r\\n 	<li>Corte simétrico que asegura alta eficiencia y previene desviaciones durante el trabajo.</li>\r\\n 	<li>Adecuadas para PCB, SMT, moldes, y otras aplicaciones en la industria electrónica y de hardware.</li>\r\\n 	<li>Varios tamaños incluidos para diferentes necesidades de perforación.</li>\r\\n</ul>\r\\nEspecificaciones:\r\\n<ul>\r\\n 	<li>Producto completamente nuevo y de excelente calidad.</li>\r\\n 	<li>Material: Carburo de tungsteno + HSS.</li>\r\\n 	<li>Tamaños: 0,8mm X 10mm</li>\r\\n 	<li>Diámetro del mango: 3.175 mm.</li>\r\\n 	<li>Cantidad: 1 pieza.</li>\r\\n</ul>\r\\nNota:\r\\n<ul>\r\\n 	<li>La medición manual puede generar pequeños errores.</li>\r\\n 	<li>Los colores mostrados pueden variar según la configuración de la pantalla.</li>\r\\n</ul>',NULL,0,'2026-04-19 01:31:42','2026-04-19 01:31:42');
INSERT INTO `Product` (`id`,`name`,`slug`,`category`,`price`,`img`,`alt`,`shortDescription`,`description`,`salePrice`,`stock`,`createdAt`,`updatedAt`) VALUES ('cmo53bpuj001ao1wmcjuvocwe','Microbroca de carburo de tungsteno para PCB, de 0,9mm X 8,5mm. Modelo Q1I0.','microbroca-de-carburo-de-tungsteno-para-pcb-de-09mm-x-85mm-modelo-q1i0','Repuestos para CNC',5000,'https://res.cloudinary.com/dpnv9gx8m/image/upload/v1778961441/set-brocas-micro-carburo-0-1-mm-preforacion-precision_xnhzux.png','Microbroca de carburo de tungsteno para PCB, de 0,9mm X 8,5mm. Modelo Q1I0.','Microbroca de carburo de tungsteno de alta precisión, diseñada para perforar PCB y otros trabajos electrónicos. Con tamaños de 0,9mm X 8,5mm, esta broca ofrece gran resistencia al desgaste y una perforación suave gracias a su borde de corte afilado y simétrico. Ideal para aplicaciones industriales que requieren precisión y eficiencia.','Caracteristicas\r\\n<ul>\r\\n 	<li>Fabricadas en carburo de tungsteno, un material de alta dureza y resistencia al desgaste, lo que las hace difíciles de doblar o romper.</li>\r\\n 	<li>Eficiente eliminación de virutas para perforaciones suaves y precisas.</li>\r\\n 	<li>Borde de corte afilado que reduce la fuerza de corte y mejora la calidad de la perforación.</li>\r\\n 	<li>Corte simétrico que asegura alta eficiencia y previene desviaciones durante el trabajo.</li>\r\\n 	<li>Adecuadas para PCB, SMT, moldes, y otras aplicaciones en la industria electrónica y de hardware.</li>\r\\n 	<li>Varios tamaños incluidos para diferentes necesidades de perforación.</li>\r\\n</ul>\r\\nEspecificaciones:\r\\n<ul>\r\\n 	<li>Producto completamente nuevo y de excelente calidad.</li>\r\\n 	<li>Material: Carburo de tungsteno + HSS.</li>\r\\n 	<li>Tamaños: 0,9mm X 8,5mm</li>\r\\n 	<li>Diámetro del mango: 3.175 mm.</li>\r\\n 	<li>Cantidad: 1 pieza.</li>\r\\n</ul>\r\\nNota:\r\\n<ul>\r\\n 	<li>La medición manual puede generar pequeños errores.</li>\r\\n 	<li>Los colores mostrados pueden variar según la configuración de la pantalla.</li>\r\\n</ul>',NULL,0,'2026-04-19 01:31:42','2026-04-19 01:31:42');
INSERT INTO `Product` (`id`,`name`,`slug`,`category`,`price`,`img`,`alt`,`shortDescription`,`description`,`salePrice`,`stock`,`createdAt`,`updatedAt`) VALUES ('cmo53bpuk001eo1wmlgnzy3gm','Microbroca de carburo de tungsteno para PCB, de 1,0mm X 9,5mm. Modelo Q1I0.','microbroca-de-carburo-de-tungsteno-para-pcb-de-10mm-x-95mm-modelo-q1i0','Repuestos para CNC',5000,'https://res.cloudinary.com/dpnv9gx8m/image/upload/v1778961441/set-brocas-micro-carburo-0-1-mm-preforacion-precision_xnhzux.png','Microbroca de carburo de tungsteno para PCB, de 1,0mm X 9,5mm. Modelo Q1I0.','Microbroca de carburo de tungsteno de alta precisión, diseñada para perforar PCB y otros trabajos electrónicos. Con tamaños de 1,0mm X 9,5mm, esta broca ofrece gran resistencia al desgaste y una perforación suave gracias a su borde de corte afilado y simétrico. Ideal para aplicaciones industriales que requieren precisión y eficiencia.','Caracteristicas\r\\n<ul>\r\\n 	<li>Fabricadas en carburo de tungsteno, un material de alta dureza y resistencia al desgaste, lo que las hace difíciles de doblar o romper.</li>\r\\n 	<li>Eficiente eliminación de virutas para perforaciones suaves y precisas.</li>\r\\n 	<li>Borde de corte afilado que reduce la fuerza de corte y mejora la calidad de la perforación.</li>\r\\n 	<li>Corte simétrico que asegura alta eficiencia y previene desviaciones durante el trabajo.</li>\r\\n 	<li>Adecuadas para PCB, SMT, moldes, y otras aplicaciones en la industria electrónica y de hardware.</li>\r\\n 	<li>Varios tamaños incluidos para diferentes necesidades de perforación.</li>\r\\n</ul>\r\\nEspecificaciones:\r\\n<ul>\r\\n 	<li>Producto completamente nuevo y de excelente calidad.</li>\r\\n 	<li>Material: Carburo de tungsteno + HSS.</li>\r\\n 	<li>Tamaños: 1,0mm X 9,5mm</li>\r\\n 	<li>Diámetro del mango: 3.175 mm.</li>\r\\n 	<li>Cantidad: 1 pieza.</li>\r\\n</ul>\r\\nNota:\r\\n<ul>\r\\n 	<li>La medición manual puede generar pequeños errores.</li>\r\\n 	<li>Los colores mostrados pueden variar según la configuración de la pantalla.</li>\r\\n</ul>',NULL,0,'2026-04-19 01:31:42','2026-04-19 01:31:42');
INSERT INTO `Product` (`id`,`name`,`slug`,`category`,`price`,`img`,`alt`,`shortDescription`,`description`,`salePrice`,`stock`,`createdAt`,`updatedAt`) VALUES ('cmo53bpul001io1wmnayvv8ox','Taza filtrante para resina UV con embudo de silicona compatible con impresoras 3D SLA/LCD','taza-filtrante-para-resina-uv-con-embudo-de-silicona-compatible-con-impresoras-3d-slalcd','Resinas',15000,'https://res.cloudinary.com/dpnv9gx8m/image/upload/v1778961442/imagen_2026-02-17_155107099_inw5du.png','Taza filtrante para resina UV con embudo de silicona compatible con impresoras 3D SLA/LCD','Embudo de silicona plegable para resina UV, ideal para verter la resina nuevamente en la botella de forma segura y sin derrames. Compatible con botellas desde 15 mm de cuello y con filtros de resina para evitar contaminación por restos curados. Flexible, fácil de limpiar y práctico para cualquier estación de impresión 3D SLA/LCD.','Características\r\\n<ul>\r\\n 	<li>\r\\n<p data-start="277" data-end="492">Embudo de silicona diseñado para verter la resina nuevamente en la botella de forma segura y limpia. Compatible con botellas a partir de 15 mm de diámetro de cuello y totalmente adaptable a nuestro filtro de resina.</p>\r\\n<p data-start="494" data-end="683">Se recomienda siempre utilizar un filtro al devolver la resina al envase, ya que restos de impresiones fallidas, soportes rotos o partículas de resina curada pueden contaminar el contenido.</p>\r\\n<p data-start="685" data-end="790">Fabricado en silicona flexible con refuerzo metálico, es resistente, reutilizable y muy fácil de limpiar.</p>\r\\n<p data-start="792" data-end="845"><strong data-start="792" data-end="805">Material:</strong> Silicona + metal<br data-start="822" data-end="825" /><strong data-start="825" data-end="834">Tipo:</strong> Plegable</p>\r\\n</li>\r\\n</ul>\r\\nEspecificaciones:\r\\n<ul>\r\\n 	<li data-start="642" data-end="669">\r\\n<p data-start="644" data-end="669"><strong data-start="644" data-end="661">Altura total:</strong> 70 mm</p>\r\\n</li>\r\\n 	<li data-start="670" data-end="711">\r\\n<p data-start="672" data-end="711"><strong data-start="672" data-end="703">Diámetro superior (salida):</strong> 20 mm</p>\r\\n</li>\r\\n 	<li data-start="712" data-end="746">\r\\n<p data-start="714" data-end="746"><strong data-start="714" data-end="738">Diámetro de la base:</strong> 78 mm</p>\r\\n</li>\r\\n 	<li data-start="747" data-end="802">\r\\n<p data-start="749" data-end="802"><strong data-start="749" data-end="762">Material:</strong> Silicona flexible + refuerzo metálico</p>\r\\n</li>\r\\n 	<li data-start="803" data-end="825">\r\\n<p data-start="805" data-end="825"><strong data-start="805" data-end="814">Tipo:</strong> Plegable</p>\r\\n</li>\r\\n 	<li data-start="826" data-end="893">\r\\n<p data-start="828" data-end="893"><strong data-start="828" data-end="847">Compatibilidad:</strong> Botellas con cuello desde 15 mm de diámetro</p>\r\\n</li>\r\\n 	<li data-start="894" data-end="949">\r\\n<p data-start="896" data-end="949"><strong data-start="896" data-end="916">Uso recomendado:</strong> Impresoras 3D SLA / LCD / MSLA</p>\r\\n</li>\r\\n</ul>',NULL,0,'2026-04-19 01:31:42','2026-04-19 01:31:42');
INSERT INTO `Product` (`id`,`name`,`slug`,`category`,`price`,`img`,`alt`,`shortDescription`,`description`,`salePrice`,`stock`,`createdAt`,`updatedAt`) VALUES ('cmo53bpum001oo1wmxponi6ek','Acople de abrazadera 5x8 mm para motor paso a paso y varilla T8','acople-de-abrazadera-5x8-mm-para-motor-paso-a-paso-y-varilla-t8','Repuestos para impresoras 3D',18000,'https://res.cloudinary.com/dpnv9gx8m/image/upload/v1778961424/imagen_2026-02-17_160457663_v7i8fs.png','Acople de abrazadera 5x8 mm para motor paso a paso y varilla T8','Acoplamiento rígido 5x8 mm D20L25 para conectar motor NEMA 17 con tornillo T8 en impresoras 3D como Ender 3 y Ender 5. Ofrece sujeción firme, transmisión directa y alta precisión en el eje Z cuando existe correcta alineación.','Características\r\\n<ul>\r\\n 	<li>\r\\n<p data-start="550" data-end="760">Acoplamiento metálico diseñado para unir de forma firme y sin holguras un eje de 5 mm (común en motores paso a paso NEMA 17) con un eje o varilla de 8 mm, típicamente utilizado en el eje Z de impresoras 3D FDM.</p>\r\\n<p data-start="762" data-end="943">Su sistema de sujeción tipo abrazadera distribuye la presión de manera uniforme, mejorando la alineación y reduciendo vibraciones en comparación con acoples con tornillo prisionero.</p>\r\\n</li>\r\\n</ul>\r\\nEspecificaciones:\r\\n<ul>\r\\n 	<li data-start="976" data-end="1014">\r\\n<p data-start="978" data-end="1014"><strong data-start="978" data-end="1007">Diámetro interior lado 1:</strong> 5 mm</p>\r\\n</li>\r\\n 	<li data-start="1015" data-end="1053">\r\\n<p data-start="1017" data-end="1053"><strong data-start="1017" data-end="1046">Diámetro interior lado 2:</strong> 8 mm</p>\r\\n</li>\r\\n 	<li data-start="1054" data-end="1102">\r\\n<p data-start="1056" data-end="1102"><strong data-start="1056" data-end="1065">Tipo:</strong> Rígido (sin compensación flexible)</p>\r\\n</li>\r\\n 	<li data-start="1103" data-end="1156">\r\\n<p data-start="1105" data-end="1156"><strong data-start="1105" data-end="1129">Sistema de fijación:</strong> Abrazadera con tornillos</p>\r\\n</li>\r\\n 	<li data-start="1157" data-end="1206">\r\\n<p data-start="1159" data-end="1206"><strong data-start="1159" data-end="1172">Material:</strong> Aleación de aluminio mecanizado</p>\r\\n</li>\r\\n 	<li data-start="1207" data-end="1277">\r\\n<p data-start="1209" data-end="1277"><strong data-start="1209" data-end="1224">Aplicación:</strong> Transmisión directa en eje Z u otros ejes lineales</p>\r\\n</li>\r\\n 	<li data-start="1278" data-end="1352">\r\\n<p data-start="1280" data-end="1352"><strong data-start="1280" data-end="1299">Compatibilidad:</strong> Motores NEMA 17 (eje 5 mm) y varillas/ejes de 8 mm</p>\r\\n</li>\r\\n</ul>',NULL,0,'2026-04-19 01:31:42','2026-04-19 01:31:42');
INSERT INTO `Product` (`id`,`name`,`slug`,`category`,`price`,`img`,`alt`,`shortDescription`,`description`,`salePrice`,`stock`,`createdAt`,`updatedAt`) VALUES ('cmo53bpun001so1wmda87g2el','Rodamiento rígido 608ZZ ABEC-7 8x22x7 mm – Pack 10 unidades para impresora 3D','rodamiento-rigido-608zz-abec-7-8x22x7-mm-pack-10-unidades-para-impresora-3d','Repuestos para impresoras 3D',25000,'https://res.cloudinary.com/dpnv9gx8m/image/upload/v1778961309/imagen_2026-02-17_161858606-294x300_ju5cwv.png','Rodamiento rígido 608ZZ ABEC-7 8x22x7 mm – Pack 10 unidades para impresora 3D','Rodamiento 608ZZ ABEC-7 de acero alto carbono con doble escudo metálico. Medidas 8x22x7 mm. Ideal para ejes y sistemas de poleas en impresoras 3D FDM. Pack de 10 unidades de alta precisión y bajo desgaste.','Características\r\\n<ul>\r\\n 	<li>\r\\n<p data-start="331" data-end="564">Rodamiento 608ZZ de una sola fila con doble escudo metálico, fabricado en acero alto carbono. Diseñado para aplicaciones de movimiento lineal y rotativo en impresoras 3D FDM, especialmente en ejes X, Y y sistemas con poleas o ruedas.</p>\r\\n<p data-start="566" data-end="696">Su clasificación ABEC-7 garantiza alta precisión de giro, menor vibración y mejor estabilidad en movimientos a altas revoluciones.</p>\r\\n</li>\r\\n</ul>\r\\nEspecificaciones:\r\\n<ul>\r\\n 	<li data-start="731" data-end="752">\r\\n<p data-start="733" data-end="752"><strong data-start="733" data-end="744">Modelo:</strong> 608ZZ</p>\r\\n</li>\r\\n 	<li data-start="753" data-end="793">\r\\n<p data-start="755" data-end="793"><strong data-start="755" data-end="764">Tipo:</strong> Rodamiento rígido de bolas</p>\r\\n</li>\r\\n 	<li data-start="794" data-end="829">\r\\n<p data-start="796" data-end="829"><strong data-start="796" data-end="813">Construcción:</strong> Una sola fila</p>\r\\n</li>\r\\n 	<li data-start="830" data-end="861">\r\\n<p data-start="832" data-end="861"><strong data-start="832" data-end="854">Diámetro interior:</strong> 8 mm</p>\r\\n</li>\r\\n 	<li data-start="862" data-end="894">\r\\n<p data-start="864" data-end="894"><strong data-start="864" data-end="886">Diámetro exterior:</strong> 22 mm</p>\r\\n</li>\r\\n 	<li data-start="895" data-end="914">\r\\n<p data-start="897" data-end="914"><strong data-start="897" data-end="907">Ancho:</strong> 7 mm</p>\r\\n</li>\r\\n 	<li data-start="915" data-end="940">\r\\n<p data-start="917" data-end="940"><strong data-start="917" data-end="931">Precisión:</strong> ABEC-7</p>\r\\n</li>\r\\n 	<li data-start="941" data-end="987">\r\\n<p data-start="943" data-end="987"><strong data-start="943" data-end="958">Protección:</strong> Doble escudo metálico (ZZ)</p>\r\\n</li>\r\\n 	<li data-start="988" data-end="1024">\r\\n<p data-start="990" data-end="1024"><strong data-start="990" data-end="1003">Material:</strong> Acero alto carbono</p>\r\\n</li>\r\\n 	<li data-start="1025" data-end="1054">\r\\n<p data-start="1027" data-end="1054"><strong data-start="1027" data-end="1040">Cantidad:</strong> 10 unidades</p>\r\\n</li>\r\\n</ul>\r\\n&nbsp;',NULL,0,'2026-04-19 01:31:42','2026-04-19 01:31:42');
INSERT INTO `Product` (`id`,`name`,`slug`,`category`,`price`,`img`,`alt`,`shortDescription`,`description`,`salePrice`,`stock`,`createdAt`,`updatedAt`) VALUES ('cmo53bpuo001wo1wmivvcbmg2','Calentador de cartucho 12V 40W 6x20mm – Pack 10 unidades para hotend impresora 3D','calentador-de-cartucho-12v-40w-6x20mm-pack-10-unidades-para-hotend-impresora-3d','Repuestos para impresoras 3D',35000,'https://res.cloudinary.com/dpnv9gx8m/image/upload/v1778961429/resistencia-calefactora-12v_mcfcum.png','Calentador de cartucho 12V 40W 6x20mm – Pack 10 unidades para hotend impresora 3D','Cartucho calefactor 12V 40W de 6x20 mm para hotend de impresoras 3D FDM. Ofrece calentamiento rápido y estable, compatible con bloques estándar tipo MK8/MK10/E3D. Pack de 10 unidades ideal para mantenimiento y repuestos.','Características:\r\n\\n<ul>\r\n\\n 	<li data-start="328" data-end="568">Cartucho calefactor diseñado para bloques calentadores de hotend en impresoras 3D FDM. Proporciona calentamiento rápido, estable y uniforme para la fusión de filamentos como PLA, ABS, PETG y otros materiales compatibles con sistemas de 12V.</li>\r\n\\n</ul>\r\n\\n<p data-start="570" data-end="705">            Fabricado en acero inoxidable con resistencia interna de alto rendimiento, garantiza              transferencia térmica eficiente y larga vida útil.</p>\r\n\\n<p data-start="570" data-end="705">Detalles:</p>\r\n\\n\r\n\\n<ul>\r\n\\n 	<li data-start="740" data-end="773">\r\n\\n<p data-start="742" data-end="773"><strong data-start="742" data-end="751">Tipo:</strong> Cartucho calefactor</p>\r\n\\n</li>\r\n\\n 	<li data-start="774" data-end="794">\r\n\\n<p data-start="776" data-end="794"><strong data-start="776" data-end="788">Voltaje:</strong> 12V</p>\r\n\\n</li>\r\n\\n 	<li data-start="795" data-end="816">\r\n\\n<p data-start="797" data-end="816"><strong data-start="797" data-end="810">Potencia:</strong> 40W</p>\r\n\\n</li>\r\n\\n 	<li data-start="817" data-end="872">\r\n\\n<p data-start="819" data-end="872"><strong data-start="819" data-end="835">Dimensiones:</strong> 6 mm (diámetro) x 20 mm (longitud)</p>\r\n\\n</li>\r\n\\n 	<li data-start="873" data-end="916">\r\n\\n<p data-start="875" data-end="916"><strong data-start="875" data-end="897">Material exterior:</strong> Acero inoxidable</p>\r\n\\n</li>\r\n\\n 	<li data-start="917" data-end="967">\r\n\\n<p data-start="919" data-end="967"><strong data-start="919" data-end="941">Longitud de cable:</strong> Aproximadamente 1 metro</p>\r\n\\n</li>\r\n\\n 	<li data-start="968" data-end="997">\r\n\\n<p data-start="970" data-end="997"><strong data-start="970" data-end="983">Cantidad:</strong> 10 unidades</p>\r\n\\n</li>\r\n\\n 	<li data-start="998" data-end="1076">\r\n\\n<p data-start="1000" data-end="1076"><strong data-start="1000" data-end="1019">Compatibilidad:</strong> Hotends tipo MK8, MK10, E3D y similares (bloques 6 mm)</p>\r\n\\n</li>\r\n\\n</ul>\r\n\\n<h3 data-start="1621" data-end="1647"></h3>\r\n\\n<p data-start="1649" data-end="1855">Verificar que la impresora opere a 12V antes de la instalación. Asegurar correcta fijación con tornillo prisionero en el bloque calefactor y evitar encender el sistema sin termistor correctamente instalado.</p>\r\n\\n<p data-start="570" data-end="705"></p>',NULL,0,'2026-04-19 01:31:42','2026-05-16 20:42:55');
INSERT INTO `Product` (`id`,`name`,`slug`,`category`,`price`,`img`,`alt`,`shortDescription`,`description`,`salePrice`,`stock`,`createdAt`,`updatedAt`) VALUES ('cmo53bpup001yo1wmoulgz0rx','Correa sincrónica 2GT 9mm x 6m – Para impresora 3D Ender 3 / CR-10 (copia)','correa-sincronica-2gt-9mm-x-6m-para-impresora-3d-ender-3-cr-10-copia','Repuestos para impresoras 3D',150000,'https://res.cloudinary.com/dpnv9gx8m/image/upload/v1778957420/D_NQ_NP_2X_952191-MCO92673733284_092025-F_h3szr6.webp','Correa sincrónica 2GT 9mm x 6m – Para impresora 3D Ender 3 / CR-10 (copia)','Correa sincrónica 2GT de 9 mm x 6 m, resistente al desgaste y compatible con poleas GT2. Ideal para ejes X/Y en impresoras 3D como Ender 3 y CR-10. Ofrece transmisión precisa y movimiento estable en sistemas FDM.','Características:\r\n\\n<ul>\r\n\\n 	<li data-start="328" data-end="568">\r\n\\n<p data-start="327" data-end="569">Correa sincrónica tipo 2GT de 9 mm de ancho y 6 metros de longitud, diseñada para sistemas de movimiento en impresoras 3D FDM. Fabricada bajo estándar Gates y distribuida por Trianglelab, ofrece alta precisión de paso y excelente durabilidad.</p>\r\n\\n<p data-start="571" data-end="704">Ideal para ejes X e Y en impresoras como Ender 3 y CR-10, proporcionando transmisión estable, menor vibración y movimientos precisos.</p>\r\n\\n</li>\r\n\\n</ul>\r\n\\n<p data-start="570" data-end="705">Detalles:</p>\r\n\\n\r\n\\n<ul>\r\n\\n 	<li style="list-style-type: none;">\r\n\\n<ul>\r\n\\n 	<li data-start="739" data-end="780">\r\n\\n<p data-start="741" data-end="780"><strong data-start="741" data-end="750">Tipo:</strong> Correa sincrónica GT2 (2GT)</p>\r\n\\n</li>\r\n\\n 	<li data-start="781" data-end="799">\r\n\\n<p data-start="783" data-end="799"><strong data-start="783" data-end="792">Paso:</strong> 2 mm</p>\r\n\\n</li>\r\n\\n 	<li data-start="800" data-end="819">\r\n\\n<p data-start="802" data-end="819"><strong data-start="802" data-end="812">Ancho:</strong> 9 mm</p>\r\n\\n</li>\r\n\\n 	<li data-start="820" data-end="846">\r\n\\n<p data-start="822" data-end="846"><strong data-start="822" data-end="835">Longitud:</strong> 6 metros</p>\r\n\\n</li>\r\n\\n 	<li data-start="847" data-end="891">\r\n\\n<p data-start="849" data-end="891"><strong data-start="849" data-end="862">Material:</strong> Caucho reforzado con fibra</p>\r\n\\n</li>\r\n\\n 	<li data-start="892" data-end="912">\r\n\\n<p data-start="894" data-end="912"><strong data-start="894" data-end="904">Color:</strong> Negro</p>\r\n\\n</li>\r\n\\n 	<li data-start="913" data-end="955">\r\n\\n<p data-start="915" data-end="955"><strong data-start="915" data-end="934">Compatibilidad:</strong> Poleas GT2 de 2 mm</p>\r\n\\n</li>\r\n\\n 	<li data-start="956" data-end="1007">\r\n\\n<p data-start="958" data-end="1007"><strong data-start="958" data-end="973">Aplicación:</strong> Ejes X y Y en impresoras 3D FDM</p>\r\n\\n</li>\r\n\\n</ul>\r\n\\n</li>\r\n\\n</ul>\r\n\\n<h3 data-start="1621" data-end="1647"></h3>\r\n\\n<p data-start="1649" data-end="1855">Mantener tensión adecuada para evitar saltos de diente o vibraciones. No sobre-tensionar, ya que puede generar desgaste prematuro en rodamientos y motores.</p>\r\n\\n<p data-start="570" data-end="705"></p>',NULL,0,'2026-04-19 01:31:42','2026-05-16 18:55:42');
INSERT INTO `Product` (`id`,`name`,`slug`,`category`,`price`,`img`,`alt`,`shortDescription`,`description`,`salePrice`,`stock`,`createdAt`,`updatedAt`) VALUES ('cmo53bpuq0021o1wmk4ougbrq','Kit de embudo con filtro para resina UV – Taza de acero inoxidable + palas de limpieza para impresora 3D','kit-de-embudo-con-filtro-para-resina-uv-taza-de-acero-inoxidable-palas-de-limpieza-para-impresora-3d','Resinas',20000,'https://res.cloudinary.com/dpnv9gx8m/image/upload/v1778906217/images_4_ysvxdp.jpg','Kit de embudo con filtro para resina UV – Taza de acero inoxidable + palas de limpieza para impresora 3D','Kit de filtrado para resina UV con taza de acero inoxidable y herramientas de limpieza. Permite filtrar residuos y reutilizar la resina de forma segura en impresoras 3D SLA/LCD. Ideal para mantenimiento y postprocesado.','Características:\r\n\\n<ul>\r\n\\n 	<li data-start="328" data-end="568">\r\n\\n<p data-start="370" data-end="619">Conjunto diseñado para el manejo seguro y reutilización de resina UV en impresoras 3D de fotopolímero. Incluye taza de acero inoxidable con filtro integrado y herramientas tipo pala para limpieza de residuos sólidos y restos de impresiones fallidas.</p>\r\n\\n<p data-start="621" data-end="790">Permite filtrar partículas curadas, soportes rotos y sedimentos antes de devolver la resina a la botella, evitando contaminación y prolongando la vida útil del material.</p>\r\n\\n</li>\r\n\\n</ul>\r\n\\n<p data-start="570" data-end="705">Detalles:</p>\r\n\\n\r\n\\n<ul>\r\n\\n 	<li data-start="817" data-end="854">\r\n\\n<p data-start="819" data-end="854">1 taza/embudo de acero inoxidable</p>\r\n\\n</li>\r\n\\n 	<li data-start="855" data-end="889">\r\n\\n<p data-start="857" data-end="889">1 filtro metálico reutilizable</p>\r\n\\n</li>\r\n\\n 	<li data-start="890" data-end="949">\r\n\\n<p data-start="892" data-end="949">Herramientas tipo pala/espátula para limpieza de resina</p>\r\n\\n</li>\r\n\\n</ul>\r\n\\n<ul>\r\n\\n 	<li data-start="984" data-end="1045">\r\n\\n<p data-start="986" data-end="1045"><strong data-start="986" data-end="1004">Material taza:</strong> Acero inoxidable resistente a químicos</p>\r\n\\n</li>\r\n\\n 	<li data-start="1046" data-end="1107">\r\n\\n<p data-start="1048" data-end="1107"><strong data-start="1048" data-end="1074">Material herramientas:</strong> Plástico/metal (según versión)</p>\r\n\\n</li>\r\n\\n 	<li data-start="1108" data-end="1160">\r\n\\n<p data-start="1110" data-end="1160"><strong data-start="1110" data-end="1129">Compatibilidad:</strong> Resinas UV estándar (405 nm)</p>\r\n\\n</li>\r\n\\n 	<li data-start="1161" data-end="1202">\r\n\\n<p data-start="1163" data-end="1202"><strong data-start="1163" data-end="1171">Uso:</strong> Impresoras 3D SLA, LCD, MSLA</p>\r\n\\n</li>\r\n\\n 	<li data-start="1203" data-end="1227">\r\n\\n<p data-start="1205" data-end="1227"><strong data-start="1205" data-end="1222">Reutilizable:</strong> Sí</p>\r\n\\n</li>\r\n\\n 	<li data-start="1228" data-end="1254">\r\n\\n<p data-start="1230" data-end="1254"><strong data-start="1230" data-end="1249">Fácil limpieza:</strong> Si</p>\r\n\\n</li>\r\n\\n</ul>\r\n\\n<h3 data-start="1621" data-end="1647"></h3>\r\n\\n<p data-start="1649" data-end="1855">Utilizar siempre el filtro antes de devolver la resina a la botella. Limpiar las herramientas con alcohol isopropílico después de cada uso y evitar exposición prolongada a luz UV directa.</p>\r\n\\n<p data-start="570" data-end="705"></p>',NULL,10,'2026-04-19 01:31:42','2026-05-17 06:27:58');
INSERT INTO `Product` (`id`,`name`,`slug`,`category`,`price`,`img`,`alt`,`shortDescription`,`description`,`salePrice`,`stock`,`createdAt`,`updatedAt`) VALUES ('cmo53bpur0025o1wmcygetxzn','Polea de distribución GT2 19T 5mm para correa 10mm – Pack 5 unidades impresora 3D','polea-de-distribucion-gt2-19t-5mm-para-correa-10mm-pack-5-unidades-impresora-3d','Repuestos para impresoras 3D',35000,'https://res.cloudinary.com/dpnv9gx8m/image/upload/v1778961361/imagen_2026-02-17_170856892-150x150_lvw0uk.png','Polea de distribución GT2 19T 5mm para correa 10mm – Pack 5 unidades impresora 3D','Polea GT2 de 19 dientes con bore de 5 mm para correa de 10 mm. Fabricada en aluminio CNC, compatible con motores NEMA 17 en impresoras 3D FDM. Pack de 5 unidades ideal para reemplazo o mejora del sistema de transmisión.','Características:\r\n\\n<ul>\r\n\\n 	<li data-start="328" data-end="568">\r\n\\n<p data-start="314" data-end="512">Polea de distribución tipo GT2 diseñada para sistemas de transmisión por correa en impresoras 3D FDM. Cuenta con 19 dientes y diámetro interno (bore) de 5 mm, compatible con ejes de motores NEMA 17.</p>\r\n\\n<p data-start="514" data-end="656">Optimizada para correas GT2 de 10 mm de ancho, proporcionando transmisión estable, buena tracción y reducción de deslizamientos en ejes X y Y.</p>\r\n\\n</li>\r\n\\n</ul>\r\n\\n<p data-start="570" data-end="705">Detalles:</p>\r\n\\n\r\n\\n<ul>\r\n\\n 	<li data-start="691" data-end="725">\r\n\\n<p data-start="693" data-end="725"><strong data-start="693" data-end="702">Tipo:</strong> Polea sincrónica GT2</p>\r\n\\n</li>\r\n\\n 	<li data-start="726" data-end="756">\r\n\\n<p data-start="728" data-end="756"><strong data-start="728" data-end="750">Número de dientes:</strong> 19T</p>\r\n\\n</li>\r\n\\n 	<li data-start="757" data-end="775">\r\n\\n<p data-start="759" data-end="775"><strong data-start="759" data-end="768">Paso:</strong> 2 mm</p>\r\n\\n</li>\r\n\\n 	<li data-start="776" data-end="813">\r\n\\n<p data-start="778" data-end="813"><strong data-start="778" data-end="806">Diámetro interno (bore):</strong> 5 mm</p>\r\n\\n</li>\r\n\\n 	<li data-start="814" data-end="855">\r\n\\n<p data-start="816" data-end="855"><strong data-start="816" data-end="847">Ancho compatible de correa:</strong> 10 mm</p>\r\n\\n</li>\r\n\\n 	<li data-start="856" data-end="897">\r\n\\n<p data-start="858" data-end="897"><strong data-start="858" data-end="871">Material:</strong> Aluminio mecanizado CNC</p>\r\n\\n</li>\r\n\\n 	<li data-start="898" data-end="948">\r\n\\n<p data-start="900" data-end="948"><strong data-start="900" data-end="924">Sistema de fijación:</strong> Tornillos prisioneros</p>\r\n\\n</li>\r\n\\n 	<li data-start="949" data-end="977">\r\n\\n<p data-start="951" data-end="977"><strong data-start="951" data-end="964">Cantidad:</strong> 5 unidades</p>\r\n\\n</li>\r\n\\n</ul>\r\n\\n<h3 data-start="1621" data-end="1647"></h3>\r\n\\n<p data-start="1649" data-end="1855">Verificar alineación con la correa antes de ajustar los tornillos prisioneros. Asegurar correcta tensión de la correa para evitar vibraciones o desgaste prematuro.</p>\r\n\\n<p data-start="570" data-end="705"></p>',NULL,0,'2026-04-19 01:31:42','2026-05-16 20:08:27');
INSERT INTO `Product` (`id`,`name`,`slug`,`category`,`price`,`img`,`alt`,`shortDescription`,`description`,`salePrice`,`stock`,`createdAt`,`updatedAt`) VALUES ('cmo53bpus0027o1wm8ftgmlju','Fresa CNC 3.175mm recubrimiento nano azul titanio – Para grabado y corte en 3018 / 1610 / TTC450','fresa-cnc-3-175mm-recubrimiento-nano-azul-titanio-para-grabado-y-corte-en-3018-1610-ttc450','Repuestos para CNC',35000,'https://res.cloudinary.com/dpnv9gx8m/image/upload/v1778961412/imagen_2026-02-17_171943693_flztmm.png','Fresa CNC 3.175mm recubrimiento nano azul titanio – Para grabado y corte en 3018 / 1610 / TTC450','Fresa CNC de 3.175 mm con recubrimiento nano azul de titanio, ideal para grabado y corte en máquinas 3018, 1610 y TTC450. Ofrece mayor resistencia al desgaste y acabado preciso en madera, acrílico y plásticos.','Características:\r\n\\n<ul>\r\n\\n 	<li data-start="328" data-end="568">\r\n\\n<p data-start="344" data-end="572">Herramienta de corte tipo end mill para máquinas CNC de escritorio como 3018, 1610 y TTC450. Fabricada en acero de alta dureza con recubrimiento nano azul de titanio que mejora la resistencia al desgaste y la disipación térmica.</p>\r\n\\n<p data-start="574" data-end="719">Diseñada para trabajos de grabado, fresado y corte fino en materiales utilizados en proyectos de impresión 3D, fabricación digital y prototipado.</p>\r\n\\n</li>\r\n\\n</ul>\r\n\\n<p data-start="570" data-end="705">Detalles:</p>\r\n\\n\r\n\\n<ul>\r\n\\n 	<li data-start="754" data-end="788">\r\n\\n<p data-start="756" data-end="788"><strong data-start="756" data-end="765">Tipo:</strong> Fresa / End Mill CNC</p>\r\n\\n</li>\r\n\\n 	<li data-start="789" data-end="834">\r\n\\n<p data-start="791" data-end="834"><strong data-start="791" data-end="816">Diámetro del vástago:</strong> 3.175 mm (1/8”)</p>\r\n\\n</li>\r\n\\n 	<li data-start="835" data-end="877">\r\n\\n<p data-start="837" data-end="877"><strong data-start="837" data-end="855">Recubrimiento:</strong> Nano azul (titanio)</p>\r\n\\n</li>\r\n\\n 	<li data-start="878" data-end="945">\r\n\\n<p data-start="880" data-end="945"><strong data-start="880" data-end="893">Material:</strong> Acero de alta velocidad / carburo (según versión)</p>\r\n\\n</li>\r\n\\n 	<li data-start="946" data-end="1004">\r\n\\n<p data-start="948" data-end="1004"><strong data-start="948" data-end="967">Compatibilidad:</strong> CNC 3018, 1610, TTC450 y similares</p>\r\n\\n</li>\r\n\\n 	<li data-start="1005" data-end="1061">\r\n\\n<p data-start="1007" data-end="1061"><strong data-start="1007" data-end="1022">Aplicación:</strong> Grabado, fresado, corte de precisión</p>\r\n\\n</li>\r\n\\n</ul>\r\n\\n<h3 data-start="1621" data-end="1647"></h3>\r\n\\n<p data-start="1649" data-end="1855">Ajustar correctamente velocidad de giro y avance según el material. Utilizar fijación firme de la pieza y evitar sobrecargas para prolongar la vida útil de la herramienta.</p>\r\n\\n<p data-start="570" data-end="705"></p>',NULL,20,'2026-04-19 01:31:42','2026-05-16 20:05:26');
INSERT INTO `Product` (`id`,`name`,`slug`,`category`,`price`,`img`,`alt`,`shortDescription`,`description`,`salePrice`,`stock`,`createdAt`,`updatedAt`) VALUES ('cmp9g13lx0000o1jowum78k40','Boquillas de latón de 0.4 mm MK8','boquillas-de-lat-n-de-0-4-mm-mk8','Repuestos para impresoras 3D',4000,'https://lh3.googleusercontent.com/aida-public/AB6AXuCv6qUeKRAWyUPKx37FHVJ8tCHq_w8lh-X_ZEjND-ZxMxbK4DA692DQNBJabIrH_6kJBIT1Img9N_uy81IIz5jCsHWTFxIAaYgHpK4YUmJDzSA2RbWb1NSs4vkeX36Zjo3Sv76vPggHibq_ymXQxnhp3BzYN04wHDUewiNjc5rc1b47_yuD5AbrNZeaDV7LuN7MbZ4EOuzdfLtiwiUJC50wU_C3W4ZLrXZvK5vqSfevotO9Nk_wWX31bXseCGX1vrODwakWaa7Xl9I','Brass Nozzles',NULL,NULL,NULL,50,'2026-05-17 07:18:09','2026-05-17 07:18:09');
INSERT INTO `Product` (`id`,`name`,`slug`,`category`,`price`,`img`,`alt`,`shortDescription`,`description`,`salePrice`,`stock`,`createdAt`,`updatedAt`) VALUES ('cmp9g13m10004o1jorcsqxywm','Direct Drive Extruder V3 Kit','direct-drive-extruder-v3-kit','Sistemas de Tracción',84000,'https://lh3.googleusercontent.com/aida-public/AB6AXuCnrn9qvlTW8MyN6vi8vbNg3rj4Q4k7sOZKCGNQ0Y0B-DN-r0IpRGbb9bjrvYt6Mjnwpc0CA-S8YatrLMu6cwFcsPdLva8k_oO_I81XvTSk7wNwmmjxLYP68yQyvKdivwMQyuYRz7Ewb_l4h4mjAouQjVvsyaFSeKwwVrXKUnSUZzlKH3cthgaKOgltReFrlMmIreXnvuv4-Z1XnpHCTYAVQRFMb-j-N5CaUHwekTm_e498rQJiwaupUsuwt9lDNa7TvDETHw3efd0','Extruder',NULL,NULL,NULL,50,'2026-05-17 07:18:09','2026-05-17 07:18:09');
INSERT INTO `Product` (`id`,`name`,`slug`,`category`,`price`,`img`,`alt`,`shortDescription`,`description`,`salePrice`,`stock`,`createdAt`,`updatedAt`) VALUES ('cmp9g13m30007o1jou4papl34','Correa Sincrónica 2GT 9mm x 6m','correa-sincr-nica-2gt-9mm-x-6m','Transmisión',150000,'https://lh3.googleusercontent.com/aida-public/AB6AXuATJY-spvKCPPbudfVEMArvrRtF8LLF000jKjLRiRN2aufQ7xrsqmNCBBzaJp1VddGELJ-LCKsQSo6cGa5G1n_NQOAs8AdVW_5fVyak3A3FI5igVWZAK3x4u4EEfilNiLjJlGtFdZYyHcFQx_oTZntUzAp6p6arys5rfUTLnfIXnjR66mQnSODOJlb0gheH9q3I996OJ9mKG_3v0e5Y_SSf_dR-grTQxdUfFt2zI9pI6EsOOD3sEtj-Aa_aMkVOfJ6Oo6g_GjvoqU8','Timing Belt',NULL,NULL,NULL,50,'2026-05-17 07:18:09','2026-05-17 07:18:09');
INSERT INTO `Product` (`id`,`name`,`slug`,`category`,`price`,`img`,`alt`,`shortDescription`,`description`,`salePrice`,`stock`,`createdAt`,`updatedAt`) VALUES ('cmp9g13m4000ao1jo2f3w8f0o','32-Bit Control Board Kit Industrial','32-bit-control-board-kit-industrial','Electrónica',145000,'https://lh3.googleusercontent.com/aida-public/AB6AXuAvIAwM6QBD5ufdlfEBNwmoYA9hx1y6VuL_oPqUFSQQvF11I4x_YfuBPt4GaFm9cMukqD491gOj7TPQHjUWt5ygBj4MJJpCVV0wzWl--OHDqyDyR1COzzxY_yzHqjsZxdLrLr_2jXcf-Vwqu1M6PEqfk_mDxX4GnYyNuVBXDBTXU8Wd5x_RuesPDdcKe4zmEo40vBDdawEEQYfmkLjOs2RvSMF7r71AXg1gx6FjpMOH0mC-N61OqC6STmjIMRaHIuL8ZRmXGg4FMl4','Control Board',NULL,NULL,NULL,50,'2026-05-17 07:18:09','2026-05-17 07:18:09');
INSERT INTO `Product` (`id`,`name`,`slug`,`category`,`price`,`img`,`alt`,`shortDescription`,`description`,`salePrice`,`stock`,`createdAt`,`updatedAt`) VALUES ('cmp9g13m6000eo1jo6pbxygr3','Filamento PLA 1kg 1.75mm Blanco','filamento-pla-1kg-1-75mm-blanco','Filamentos',65000,'https://lh3.googleusercontent.com/aida-public/AB6AXuCv6qUeKRAWyUPKx37FHVJ8tCHq_w8lh-X_ZEjND-ZxMxbK4DA692DQNBJabIrH_6kJBIT1Img9N_uy81IIz5jCsHWTFxIAaYgHpK4YUmJDzSA2RbWb1NSs4vkeX36Zjo3Sv76vPggHibq_ymXQxnhp3BzYN04wHDUewiNjc5rc1b47_yuD5AbrNZeaDV7LuN7MbZ4EOuzdfLtiwiUJC50wU_C3W4ZLrXZvK5vqSfevotO9Nk_wWX31bXseCGX1vrODwakWaa7Xl9I','Filamento PLA',NULL,NULL,NULL,50,'2026-05-17 07:18:09','2026-05-17 07:18:09');
INSERT INTO `Product` (`id`,`name`,`slug`,`category`,`price`,`img`,`alt`,`shortDescription`,`description`,`salePrice`,`stock`,`createdAt`,`updatedAt`) VALUES ('cmp9g13mb000ho1jouyfywxzk','Hotend All-Metal V6 Kit Completo','hotend-all-metal-v6-kit-completo','Componentes',120000,'https://lh3.googleusercontent.com/aida-public/AB6AXuCnrn9qvlTW8MyN6vi8vbNg3rj4Q4k7sOZKCGNQ0Y0B-DN-r0IpRGbb9bjrvYt6Mjnwpc0CA-S8YatrLMu6cwFcsPdLva8k_oO_I81XvTSk7wNwmmjxLYP68yQyvKdivwMQyuYRz7Ewb_l4h4mjAouQjVvsyaFSeKwwVrXKUnSUZzlKH3cthgaKOgltReFrlMmIreXnvuv4-Z1XnpHCTYAVQRFMb-j-N5CaUHwekTm_e498rQJiwaupUsuwt9lDNa7TvDETHw3efd0','Hotend',NULL,NULL,NULL,50,'2026-05-17 07:18:09','2026-05-17 07:18:09');
INSERT INTO `Product` (`id`,`name`,`slug`,`category`,`price`,`img`,`alt`,`shortDescription`,`description`,`salePrice`,`stock`,`createdAt`,`updatedAt`) VALUES ('cmp9g13md000lo1jo0mcsv9n2','Cama Caliente 24V 310x310mm','cama-caliente-24v-310x310mm','Electrónica',95000,'https://lh3.googleusercontent.com/aida-public/AB6AXuATJY-spvKCPPbudfVEMArvrRtF8LLF000jKjLRiRN2aufQ7xrsqmNCBBzaJp1VddGELJ-LCKsQSo6cGa5G1n_NQOAs8AdVW_5fVyak3A3FI5igVWZAK3x4u4EEfilNiLjJlGtFdZYyHcFQx_oTZntUzAp6p6arys5rfUTLnfIXnjR66mQnSODOJlb0gheH9q3I996OJ9mKG_3v0e5Y_SSf_dR-grTQxdUfFt2zI9pI6EsOOD3sEtj-Aa_aMkVOfJ6Oo6g_GjvoqU8','Cama caliente',NULL,NULL,NULL,50,'2026-05-17 07:18:09','2026-05-17 07:18:09');
INSERT INTO `Product` (`id`,`name`,`slug`,`category`,`price`,`img`,`alt`,`shortDescription`,`description`,`salePrice`,`stock`,`createdAt`,`updatedAt`) VALUES ('cmp9g13me000oo1jo3spbx1lf','Sensor de Nivelación BLTouch V3.1','sensor-de-nivelaci-n-bltouch-v3-1','Nivelación',180000,'https://lh3.googleusercontent.com/aida-public/AB6AXuAvIAwM6QBD5ufdlfEBNwmoYA9hx1y6VuL_oPqUFSQQvF11I4x_YfuBPt4GaFm9cMukqD491gOj7TPQHjUWt5ygBj4MJJpCVV0wzWl--OHDqyDyR1COzzxY_yzHqjsZxdLrLr_2jXcf-Vwqu1M6PEqfk_mDxX4GnYyNuVBXDBTXU8Wd5x_RuesPDdcKe4zmEo40vBDdawEEQYfmkLjOs2RvSMF7r71AXg1gx6FjpMOH0mC-N61OqC6STmjIMRaHIuL8ZRmXGg4FMl4','Sensor BLTouch',NULL,NULL,NULL,50,'2026-05-17 07:18:09','2026-05-17 07:18:09');

-- ProductMedia (71)
TRUNCATE TABLE `ProductMedia`;
INSERT INTO `ProductMedia` (`id`,`productId`,`type`,`url`,`alt`,`order`,`createdAt`) VALUES ('cmo53bpti0001o1wmv0dsc3dp','cmo53bpti0000o1wmmtswfsu5','image','https://cesgar.com.co/wp-content/uploads/2024/04/boquilla-impresion-3d-laton-04mm-mk8.webp','Boquillas de latón de 0.4 mm MK8 2',1,'2026-04-19 01:31:42');
INSERT INTO `ProductMedia` (`id`,`productId`,`type`,`url`,`alt`,`order`,`createdAt`) VALUES ('cmo53bptm0003o1wm5pjb6kas','cmo53bptm0002o1wm2o7oeme5','image','https://cesgar.com.co/wp-content/uploads/2024/04/boquilla-laton-06-impresion-3d.webp','Boquillas de latón de 0.6 mm MK8 2',1,'2026-04-19 01:31:42');
INSERT INTO `ProductMedia` (`id`,`productId`,`type`,`url`,`alt`,`order`,`createdAt`) VALUES ('cmo53bpto0005o1wmezeuqho1','cmo53bpto0004o1wmv6yvbme3','image','https://cesgar.com.co/wp-content/uploads/2024/04/boquilla-acero-inoxidable-mk8-04.webp','Boquillas acero inoxidable 0.4 mm MK8 2',1,'2026-04-19 01:31:42');
INSERT INTO `ProductMedia` (`id`,`productId`,`type`,`url`,`alt`,`order`,`createdAt`) VALUES ('cmo53bptq0008o1wmyhfnirf9','cmo53bptq0007o1wm1cn57u4m','image','https://cesgar.com.co/wp-content/uploads/2024/04/racor-pc4-m6-2.webp','Racor de cobre diámetro 4mm PC4-M6 2',1,'2026-04-19 01:31:42');
INSERT INTO `ProductMedia` (`id`,`productId`,`type`,`url`,`alt`,`order`,`createdAt`) VALUES ('cmo53bpts000ao1wmy86ey45t','cmo53bpts0009o1wmdyqob2vu','image','https://cesgar.com.co/wp-content/uploads/2024/04/racor-pc4-01-2.webp','Racor de cobre diámetro 4mm PC4-01 2',1,'2026-04-19 01:31:42');
INSERT INTO `ProductMedia` (`id`,`productId`,`type`,`url`,`alt`,`order`,`createdAt`) VALUES ('cmo53bptu000co1wmezs9poqr','cmo53bptu000bo1wm3md1k12d','image','https://cesgar.com.co/wp-content/uploads/2024/04/resorte-de-acero-inoxidable-para-la-cama-de-impresion-de-una-impresora-3d.webp','Resorte de acero recubrimiento de zinc X 4u 2',1,'2026-04-19 01:31:42');
INSERT INTO `ProductMedia` (`id`,`productId`,`type`,`url`,`alt`,`order`,`createdAt`) VALUES ('cmo53bptv000eo1wmfv5wne1l','cmo53bptv000do1wmaq234pma','image','https://cesgar.com.co/wp-content/uploads/2024/04/resorte-cama-de-impresion-acero-inoxidable-x-4-und-2.webp','Resorte cama impresión acero inoxidable X 4u 2',1,'2026-04-19 01:31:42');
INSERT INTO `ProductMedia` (`id`,`productId`,`type`,`url`,`alt`,`order`,`createdAt`) VALUES ('cmo53bptx000go1wm6nhkc6wd','cmo53bptx000fo1wm6xp5ps36','image','https://cesgar.com.co/wp-content/uploads/2024/04/resistencia-calefactora-12v.png','Resistencia calefactora 12v X 2m 2',1,'2026-04-19 01:31:42');
INSERT INTO `ProductMedia` (`id`,`productId`,`type`,`url`,`alt`,`order`,`createdAt`) VALUES ('cmo53bptz000io1wmpuulssgd','cmo53bpty000ho1wm74bu2uec','image','https://cesgar.com.co/wp-content/uploads/2024/04/resistencia-calefactora-disenada-para-operar-con-un-voltaje-de-24v.webp','Resistencia calefactora 24 V X 4mm 2',1,'2026-04-19 01:31:42');
INSERT INTO `ProductMedia` (`id`,`productId`,`type`,`url`,`alt`,`order`,`createdAt`) VALUES ('cmo53bpu9000ko1wmajiv2z4p','cmo53bpu9000jo1wmmqksud2p','image','https://cesgar.com.co/wp-content/uploads/2024/04/termistor-2.webp','Termistor 1% 45mW -40°C a +300°C 2',1,'2026-04-19 01:31:42');
INSERT INTO `ProductMedia` (`id`,`productId`,`type`,`url`,`alt`,`order`,`createdAt`) VALUES ('cmo53bpub000mo1wmiq05zyqf','cmo53bpub000lo1wmnrvo7dc3','image','https://cesgar.com.co/wp-content/uploads/2024/04/ventilador-de-refrigeracion-axial-de-24v-y-30x30x10mm-comunmente-usado-en-hotends-o-para-refrigerar-componentes-electronicos-de-impresoras-3d.webp','Ventilador 24V X 40mm X 40mm X 10mm 2',1,'2026-04-19 01:31:42');
INSERT INTO `ProductMedia` (`id`,`productId`,`type`,`url`,`alt`,`order`,`createdAt`) VALUES ('cmo53bpub000no1wmwbeaq5uj','cmo53bpub000lo1wmnrvo7dc3','image','https://cesgar.com.co/wp-content/uploads/2024/04/ventilador-24v-3.webp','Ventilador 24V X 40mm X 40mm X 10mm 3',2,'2026-04-19 01:31:42');
INSERT INTO `ProductMedia` (`id`,`productId`,`type`,`url`,`alt`,`order`,`createdAt`) VALUES ('cmo53bpuc000po1wmxvk621jw','cmo53bpuc000oo1wmwt6dzd81','image','https://cesgar.com.co/wp-content/uploads/2024/04/ventilador-de-refrigeracion-24v-30mm-x-30mm-x-10mm-2.webp','Ventilador de refrigeracion 24V 30mm x 30mm x 10mm 2',1,'2026-04-19 01:31:42');
INSERT INTO `ProductMedia` (`id`,`productId`,`type`,`url`,`alt`,`order`,`createdAt`) VALUES ('cmo53bpuc000qo1wml5an26qf','cmo53bpuc000oo1wmwt6dzd81','image','https://cesgar.com.co/wp-content/uploads/2024/04/ventilador-de-refrigeracion-24v-30mm-x-30mm-x-10mm-3.webp','Ventilador de refrigeracion 24V 30mm x 30mm x 10mm 3',2,'2026-04-19 01:31:42');
INSERT INTO `ProductMedia` (`id`,`productId`,`type`,`url`,`alt`,`order`,`createdAt`) VALUES ('cmo53bpud000so1wm8nf072pt','cmo53bpud000ro1wm0k6o7zlv','image','https://cesgar.com.co/wp-content/uploads/2024/04/modulo-tl-smoother-2-impresora-3d-eliminador-patron.webp','Modulo TL-Smoother reduce la vibración y el ruido 2',1,'2026-04-19 01:31:42');
INSERT INTO `ProductMedia` (`id`,`productId`,`type`,`url`,`alt`,`order`,`createdAt`) VALUES ('cmo53bpud000to1wmew911qa5','cmo53bpud000ro1wm0k6o7zlv','image','https://cesgar.com.co/wp-content/uploads/2024/04/modulo-tl-smoother-v1-impresora-3d-reductor-ruido.webp','Modulo TL-Smoother reduce la vibración y el ruido 3',2,'2026-04-19 01:31:42');
INSERT INTO `ProductMedia` (`id`,`productId`,`type`,`url`,`alt`,`order`,`createdAt`) VALUES ('cmo53bpue000vo1wmp0lkjrww','cmo53bpue000uo1wmef7dmk4b','image','https://cesgar.com.co/wp-content/uploads/2024/04/un-bloque-calefactor-metalico-tipicamente-de-aluminio-para-el-hotend-de-impresoras-3d-creality.webp','Bloque calefactor Creality 20 x 20 x 10 mm 2',1,'2026-04-19 01:31:42');
INSERT INTO `ProductMedia` (`id`,`productId`,`type`,`url`,`alt`,`order`,`createdAt`) VALUES ('cmo53bpuf000xo1wm8eszsfoi','cmo53bpuf000wo1wmadinw87o','image','https://cesgar.com.co/wp-content/uploads/2024/04/un-protector-o-calcetin-de-silicona-para-bloque-de-calor-de-hotend-de-impresora-3d-de-color-negro-o-azul.webp','Protector Silicona Hotend Impresora 3d Creality 2',1,'2026-04-19 01:31:42');
INSERT INTO `ProductMedia` (`id`,`productId`,`type`,`url`,`alt`,`order`,`createdAt`) VALUES ('cmo53bpug000zo1wms1oc6zfl','cmo53bpug000yo1wmfgww1ui5','image','https://cesgar.com.co/wp-content/uploads/2024/10/set-de-10-brocas-de-micro-carburo-de-01mm-a-10mm-ideal-para-perforacion-de-precision-en-pcb-y-otros-materiales.avif','Microbroca de carburo de tungsteno para PCB, de 0,6mm X 7mm. Modelo Q1I0. 2',1,'2026-04-19 01:31:42');
INSERT INTO `ProductMedia` (`id`,`productId`,`type`,`url`,`alt`,`order`,`createdAt`) VALUES ('cmo53bpug0010o1wmu1ondiaf','cmo53bpug000yo1wmfgww1ui5','image','https://cesgar.com.co/wp-content/uploads/2024/10/set-brocas-micro-carburo-0-1mm-perforacion-precision.png','Microbroca de carburo de tungsteno para PCB, de 0,6mm X 7mm. Modelo Q1I0. 3',2,'2026-04-19 01:31:42');
INSERT INTO `ProductMedia` (`id`,`productId`,`type`,`url`,`alt`,`order`,`createdAt`) VALUES ('cmo53bpug0011o1wmuply0m1j','cmo53bpug000yo1wmfgww1ui5','image','https://cesgar.com.co/wp-content/uploads/2024/10/set-brocas-micro-carburo-0-1-mm-preforacion-precision.png','Microbroca de carburo de tungsteno para PCB, de 0,6mm X 7mm. Modelo Q1I0. 4',3,'2026-04-19 01:31:42');
INSERT INTO `ProductMedia` (`id`,`productId`,`type`,`url`,`alt`,`order`,`createdAt`) VALUES ('cmo53bpug0013o1wm6rcqwgw2','cmo53bpug0012o1wm9yasyjs3','image','https://cesgar.com.co/wp-content/uploads/2024/10/set-de-10-brocas-de-micro-carburo-de-01mm-a-10mm-ideal-para-perforacion-de-precision-en-pcb-y-otros-materiales.avif','Microbroca de carburo de tungsteno para PCB, de 0,7mm X 9,5mm. Modelo Q1I0. 2',1,'2026-04-19 01:31:42');
INSERT INTO `ProductMedia` (`id`,`productId`,`type`,`url`,`alt`,`order`,`createdAt`) VALUES ('cmo53bpug0014o1wmoidvj3od','cmo53bpug0012o1wm9yasyjs3','image','https://cesgar.com.co/wp-content/uploads/2024/10/set-brocas-micro-carburo-0-1-mm-preforacion-precision.png','Microbroca de carburo de tungsteno para PCB, de 0,7mm X 9,5mm. Modelo Q1I0. 3',2,'2026-04-19 01:31:42');
INSERT INTO `ProductMedia` (`id`,`productId`,`type`,`url`,`alt`,`order`,`createdAt`) VALUES ('cmo53bpug0015o1wmscr05mt9','cmo53bpug0012o1wm9yasyjs3','image','https://cesgar.com.co/wp-content/uploads/2024/10/set-brocas-micro-carburo-0-1mm-perforacion-precision.png','Microbroca de carburo de tungsteno para PCB, de 0,7mm X 9,5mm. Modelo Q1I0. 4',3,'2026-04-19 01:31:42');
INSERT INTO `ProductMedia` (`id`,`productId`,`type`,`url`,`alt`,`order`,`createdAt`) VALUES ('cmo53bpui0017o1wmji5ps0hd','cmo53bpuh0016o1wm99crvgv4','image','https://cesgar.com.co/wp-content/uploads/2024/10/set-de-10-brocas-de-micro-carburo-de-01mm-a-10mm-ideal-para-perforacion-de-precision-en-pcb-y-otros-materiales.avif','Microbroca de carburo de tungsteno para PCB, de 0,8mm X 10mm. Modelo Q1I0. 2',1,'2026-04-19 01:31:42');
INSERT INTO `ProductMedia` (`id`,`productId`,`type`,`url`,`alt`,`order`,`createdAt`) VALUES ('cmo53bpui0018o1wme717cqev','cmo53bpuh0016o1wm99crvgv4','image','https://cesgar.com.co/wp-content/uploads/2024/10/set-brocas-micro-carburo-0-1mm-perforacion-precision.png','Microbroca de carburo de tungsteno para PCB, de 0,8mm X 10mm. Modelo Q1I0. 3',2,'2026-04-19 01:31:42');
INSERT INTO `ProductMedia` (`id`,`productId`,`type`,`url`,`alt`,`order`,`createdAt`) VALUES ('cmo53bpui0019o1wmzrft0idb','cmo53bpuh0016o1wm99crvgv4','image','https://cesgar.com.co/wp-content/uploads/2024/10/set-brocas-micro-carburo-0-1-mm-preforacion-precision.png','Microbroca de carburo de tungsteno para PCB, de 0,8mm X 10mm. Modelo Q1I0. 4',3,'2026-04-19 01:31:42');
INSERT INTO `ProductMedia` (`id`,`productId`,`type`,`url`,`alt`,`order`,`createdAt`) VALUES ('cmo53bpuj001bo1wmj0hw6ei8','cmo53bpuj001ao1wmcjuvocwe','image','https://cesgar.com.co/wp-content/uploads/2024/10/set-de-10-brocas-de-micro-carburo-de-01mm-a-10mm-ideal-para-perforacion-de-precision-en-pcb-y-otros-materiales.avif','Microbroca de carburo de tungsteno para PCB, de 0,9mm X 8,5mm. Modelo Q1I0. 2',1,'2026-04-19 01:31:42');
INSERT INTO `ProductMedia` (`id`,`productId`,`type`,`url`,`alt`,`order`,`createdAt`) VALUES ('cmo53bpuj001co1wmqrf3dvn8','cmo53bpuj001ao1wmcjuvocwe','image','https://cesgar.com.co/wp-content/uploads/2024/10/set-brocas-micro-carburo-0-1mm-perforacion-precision.png','Microbroca de carburo de tungsteno para PCB, de 0,9mm X 8,5mm. Modelo Q1I0. 3',2,'2026-04-19 01:31:42');
INSERT INTO `ProductMedia` (`id`,`productId`,`type`,`url`,`alt`,`order`,`createdAt`) VALUES ('cmo53bpuj001do1wmqf6ghmp6','cmo53bpuj001ao1wmcjuvocwe','image','https://cesgar.com.co/wp-content/uploads/2024/10/set-brocas-micro-carburo-0-1-mm-preforacion-precision.png','Microbroca de carburo de tungsteno para PCB, de 0,9mm X 8,5mm. Modelo Q1I0. 4',3,'2026-04-19 01:31:42');
INSERT INTO `ProductMedia` (`id`,`productId`,`type`,`url`,`alt`,`order`,`createdAt`) VALUES ('cmo53bpuk001fo1wme2wncoyi','cmo53bpuk001eo1wmlgnzy3gm','image','https://cesgar.com.co/wp-content/uploads/2024/10/set-de-10-brocas-de-micro-carburo-de-01mm-a-10mm-ideal-para-perforacion-de-precision-en-pcb-y-otros-materiales.avif','Microbroca de carburo de tungsteno para PCB, de 1,0mm X 9,5mm. Modelo Q1I0. 2',1,'2026-04-19 01:31:42');
INSERT INTO `ProductMedia` (`id`,`productId`,`type`,`url`,`alt`,`order`,`createdAt`) VALUES ('cmo53bpuk001go1wmxtoc3xmu','cmo53bpuk001eo1wmlgnzy3gm','image','https://cesgar.com.co/wp-content/uploads/2024/10/set-brocas-micro-carburo-0-1mm-perforacion-precision.png','Microbroca de carburo de tungsteno para PCB, de 1,0mm X 9,5mm. Modelo Q1I0. 3',2,'2026-04-19 01:31:42');
INSERT INTO `ProductMedia` (`id`,`productId`,`type`,`url`,`alt`,`order`,`createdAt`) VALUES ('cmo53bpuk001ho1wm4k09ezof','cmo53bpuk001eo1wmlgnzy3gm','image','https://cesgar.com.co/wp-content/uploads/2024/10/set-brocas-micro-carburo-0-1-mm-preforacion-precision.png','Microbroca de carburo de tungsteno para PCB, de 1,0mm X 9,5mm. Modelo Q1I0. 4',3,'2026-04-19 01:31:42');
INSERT INTO `ProductMedia` (`id`,`productId`,`type`,`url`,`alt`,`order`,`createdAt`) VALUES ('cmo53bpul001jo1wmidgr913c','cmo53bpul001io1wmnayvv8ox','image','https://cesgar.com.co/wp-content/uploads/2026/02/imagen_2026-02-17_154847186.png','Taza filtrante para resina UV con embudo de silicona compatible con impresoras 3D SLA/LCD 2',1,'2026-04-19 01:31:42');
INSERT INTO `ProductMedia` (`id`,`productId`,`type`,`url`,`alt`,`order`,`createdAt`) VALUES ('cmo53bpul001ko1wmtywin6t9','cmo53bpul001io1wmnayvv8ox','image','https://cesgar.com.co/wp-content/uploads/2026/02/imagen_2026-02-17_154922739.png','Taza filtrante para resina UV con embudo de silicona compatible con impresoras 3D SLA/LCD 3',2,'2026-04-19 01:31:42');
INSERT INTO `ProductMedia` (`id`,`productId`,`type`,`url`,`alt`,`order`,`createdAt`) VALUES ('cmo53bpul001lo1wm5nn4703p','cmo53bpul001io1wmnayvv8ox','image','https://cesgar.com.co/wp-content/uploads/2026/02/imagen_2026-02-17_155017024.png','Taza filtrante para resina UV con embudo de silicona compatible con impresoras 3D SLA/LCD 4',3,'2026-04-19 01:31:42');
INSERT INTO `ProductMedia` (`id`,`productId`,`type`,`url`,`alt`,`order`,`createdAt`) VALUES ('cmo53bpul001mo1wmhdmypxpn','cmo53bpul001io1wmnayvv8ox','image','https://cesgar.com.co/wp-content/uploads/2026/02/imagen_2026-02-17_155107099.png','Taza filtrante para resina UV con embudo de silicona compatible con impresoras 3D SLA/LCD 5',4,'2026-04-19 01:31:42');
INSERT INTO `ProductMedia` (`id`,`productId`,`type`,`url`,`alt`,`order`,`createdAt`) VALUES ('cmo53bpul001no1wme96g948q','cmo53bpul001io1wmnayvv8ox','image','https://cesgar.com.co/wp-content/uploads/2026/02/imagen_2026-02-17_155135204.png','Taza filtrante para resina UV con embudo de silicona compatible con impresoras 3D SLA/LCD 6',5,'2026-04-19 01:31:42');
INSERT INTO `ProductMedia` (`id`,`productId`,`type`,`url`,`alt`,`order`,`createdAt`) VALUES ('cmo53bpum001po1wm39v7fr8e','cmo53bpum001oo1wmxponi6ek','image','https://cesgar.com.co/wp-content/uploads/2026/02/imagen_2026-02-17_160457663.png','Acople de abrazadera 5x8 mm para motor paso a paso y varilla T8 2',1,'2026-04-19 01:31:42');
INSERT INTO `ProductMedia` (`id`,`productId`,`type`,`url`,`alt`,`order`,`createdAt`) VALUES ('cmo53bpum001qo1wma41c9tfp','cmo53bpum001oo1wmxponi6ek','image','https://cesgar.com.co/wp-content/uploads/2026/02/imagen_2026-02-17_160528683.png','Acople de abrazadera 5x8 mm para motor paso a paso y varilla T8 3',2,'2026-04-19 01:31:42');
INSERT INTO `ProductMedia` (`id`,`productId`,`type`,`url`,`alt`,`order`,`createdAt`) VALUES ('cmo53bpum001ro1wmm6gnh3vt','cmo53bpum001oo1wmxponi6ek','image','https://cesgar.com.co/wp-content/uploads/2026/02/imagen_2026-02-17_160547225.png','Acople de abrazadera 5x8 mm para motor paso a paso y varilla T8 4',3,'2026-04-19 01:31:42');
INSERT INTO `ProductMedia` (`id`,`productId`,`type`,`url`,`alt`,`order`,`createdAt`) VALUES ('cmo53bpun001to1wmy4mn4e8v','cmo53bpun001so1wmda87g2el','image','https://cesgar.com.co/wp-content/uploads/2026/02/imagen_2026-02-17_161812678.png','Rodamiento rígido 608ZZ ABEC-7 8x22x7 mm – Pack 10 unidades para impresora 3D 2',1,'2026-04-19 01:31:42');
INSERT INTO `ProductMedia` (`id`,`productId`,`type`,`url`,`alt`,`order`,`createdAt`) VALUES ('cmo53bpun001uo1wmvhshyztb','cmo53bpun001so1wmda87g2el','image','https://cesgar.com.co/wp-content/uploads/2026/02/imagen_2026-02-17_161833215.png','Rodamiento rígido 608ZZ ABEC-7 8x22x7 mm – Pack 10 unidades para impresora 3D 3',2,'2026-04-19 01:31:42');
INSERT INTO `ProductMedia` (`id`,`productId`,`type`,`url`,`alt`,`order`,`createdAt`) VALUES ('cmo53bpun001vo1wm71nyi3p9','cmo53bpun001so1wmda87g2el','image','https://cesgar.com.co/wp-content/uploads/2026/02/imagen_2026-02-17_161858606.png','Rodamiento rígido 608ZZ ABEC-7 8x22x7 mm – Pack 10 unidades para impresora 3D 4',3,'2026-04-19 01:31:42');
INSERT INTO `ProductMedia` (`id`,`productId`,`type`,`url`,`alt`,`order`,`createdAt`) VALUES ('cmp7uj2v90001o1afnsxgrxgr','cmo53bpus0027o1wm8ftgmlju','image','https://res.cloudinary.com/dpnv9gx8m/image/upload/v1778905617/51oJk0EMRJL._AC__ipyafo.jpg',NULL,2,'2026-05-16 04:28:30');
INSERT INTO `ProductMedia` (`id`,`productId`,`type`,`url`,`alt`,`order`,`createdAt`) VALUES ('cmp7ujiik0003o1af7ex9qtly','cmo53bpus0027o1wm8ftgmlju','image','https://res.cloudinary.com/dpnv9gx8m/image/upload/v1778905617/51qW8zHza5L._AC__e4zao1.jpg',NULL,3,'2026-05-16 04:28:50');
INSERT INTO `ProductMedia` (`id`,`productId`,`type`,`url`,`alt`,`order`,`createdAt`) VALUES ('cmp7ujpfh0005o1af7zn2xzmk','cmo53bpus0027o1wm8ftgmlju','image','https://res.cloudinary.com/dpnv9gx8m/image/upload/v1778905617/41BHwtHKTDL._AC__tetezh.jpg',NULL,4,'2026-05-16 04:28:59');
INSERT INTO `ProductMedia` (`id`,`productId`,`type`,`url`,`alt`,`order`,`createdAt`) VALUES ('cmp7uq3b20001o126zdiw8pzr','cmo53bpur0025o1wmcygetxzn','image','https://res.cloudinary.com/dpnv9gx8m/image/upload/v1778905995/D_NQ_NP_2X_725812-MCO41994163013_052020-F_f6ibv0.webp',NULL,2,'2026-05-16 04:33:57');
INSERT INTO `ProductMedia` (`id`,`productId`,`type`,`url`,`alt`,`order`,`createdAt`) VALUES ('cmp7uqedy0003o12679iw5orx','cmo53bpur0025o1wmcygetxzn','image','https://res.cloudinary.com/dpnv9gx8m/image/upload/v1778905996/D_NQ_NP_2X_773287-MCO41994143376_052020-F_wj7azb.webp',NULL,1,'2026-05-16 04:34:11');
INSERT INTO `ProductMedia` (`id`,`productId`,`type`,`url`,`alt`,`order`,`createdAt`) VALUES ('cmp8pevgk0001o1vzwgjbz9od','cmo53bpup001yo1wmoulgz0rx','image','https://res.cloudinary.com/dpnv9gx8m/image/upload/v1778957420/D_NQ_NP_2X_756070-MCO50184008179_062022-F_shqhjt.webp',NULL,1,'2026-05-16 18:53:02');
INSERT INTO `ProductMedia` (`id`,`productId`,`type`,`url`,`alt`,`order`,`createdAt`) VALUES ('cmp8pgt8g0005o1vzu9yxfdbw','cmo53bpup001yo1wmoulgz0rx','image','https://res.cloudinary.com/dpnv9gx8m/image/upload/v1778957420/D_NQ_NP_2X_943496-MCO50183900586_062022-F_relpzf.webp',NULL,2,'2026-05-16 18:54:32');
INSERT INTO `ProductMedia` (`id`,`productId`,`type`,`url`,`alt`,`order`,`createdAt`) VALUES ('cmp8tbgxd0001o1y1j2m4s32e','cmo53bpuo001wo1wmivvcbmg2','image','https://res.cloudinary.com/dpnv9gx8m/image/upload/v1778964141/ecommerce-cesgar/oc7tkpuvhmjnkrpxiorc.png',NULL,0,'2026-05-16 20:42:21');
INSERT INTO `ProductMedia` (`id`,`productId`,`type`,`url`,`alt`,`order`,`createdAt`) VALUES ('cmp9g13m00001o1jo7s9ewvtu','cmp9g13lx0000o1jowum78k40','image','https://lh3.googleusercontent.com/aida-public/AB6AXuCv6qUeKRAWyUPKx37FHVJ8tCHq_w8lh-X_ZEjND-ZxMxbK4DA692DQNBJabIrH_6kJBIT1Img9N_uy81IIz5jCsHWTFxIAaYgHpK4YUmJDzSA2RbWb1NSs4vkeX36Zjo3Sv76vPggHibq_ymXQxnhp3BzYN04wHDUewiNjc5rc1b47_yuD5AbrNZeaDV7LuN7MbZ4EOuzdfLtiwiUJC50wU_C3W4ZLrXZvK5vqSfevotO9Nk_wWX31bXseCGX1vrODwakWaa7Xl9I','Boquilla frontal',0,'2026-05-17 07:18:09');
INSERT INTO `ProductMedia` (`id`,`productId`,`type`,`url`,`alt`,`order`,`createdAt`) VALUES ('cmp9g13m00002o1jotnh7zumu','cmp9g13lx0000o1jowum78k40','image','https://lh3.googleusercontent.com/aida-public/AB6AXuCnrn9qvlTW8MyN6vi8vbNg3rj4Q4k7sOZKCGNQ0Y0B-DN-r0IpRGbb9bjrvYt6Mjnwpc0CA-S8YatrLMu6cwFcsPdLva8k_oO_I81XvTSk7wNwmmjxLYP68yQyvKdivwMQyuYRz7Ewb_l4h4mjAouQjVvsyaFSeKwwVrXKUnSUZzlKH3cthgaKOgltReFrlMmIreXnvuv4-Z1XnpHCTYAVQRFMb-j-N5CaUHwekTm_e498rQJiwaupUsuwt9lDNa7TvDETHw3efd0','Boquilla lateral',1,'2026-05-17 07:18:09');
INSERT INTO `ProductMedia` (`id`,`productId`,`type`,`url`,`alt`,`order`,`createdAt`) VALUES ('cmp9g13m00003o1joed36lhq5','cmp9g13lx0000o1jowum78k40','image','https://lh3.googleusercontent.com/aida-public/AB6AXuATJY-spvKCPPbudfVEMArvrRtF8LLF000jKjLRiRN2aufQ7xrsqmNCBBzaJp1VddGELJ-LCKsQSo6cGa5G1n_NQOAs8AdVW_5fVyak3A3FI5igVWZAK3x4u4EEfilNiLjJlGtFdZYyHcFQx_oTZntUzAp6p6arys5rfUTLnfIXnjR66mQnSODOJlb0gheH9q3I996OJ9mKG_3v0e5Y_SSf_dR-grTQxdUfFt2zI9pI6EsOOD3sEtj-Aa_aMkVOfJ6Oo6g_GjvoqU8','Detalle punta',2,'2026-05-17 07:18:09');
INSERT INTO `ProductMedia` (`id`,`productId`,`type`,`url`,`alt`,`order`,`createdAt`) VALUES ('cmp9g13m20005o1jo0iq0a9oq','cmp9g13m10004o1jorcsqxywm','image','https://lh3.googleusercontent.com/aida-public/AB6AXuCnrn9qvlTW8MyN6vi8vbNg3rj4Q4k7sOZKCGNQ0Y0B-DN-r0IpRGbb9bjrvYt6Mjnwpc0CA-S8YatrLMu6cwFcsPdLva8k_oO_I81XvTSk7wNwmmjxLYP68yQyvKdivwMQyuYRz7Ewb_l4h4mjAouQjVvsyaFSeKwwVrXKUnSUZzlKH3cthgaKOgltReFrlMmIreXnvuv4-Z1XnpHCTYAVQRFMb-j-N5CaUHwekTm_e498rQJiwaupUsuwt9lDNa7TvDETHw3efd0','Extrusor frontal',0,'2026-05-17 07:18:09');
INSERT INTO `ProductMedia` (`id`,`productId`,`type`,`url`,`alt`,`order`,`createdAt`) VALUES ('cmp9g13m20006o1jojous794y','cmp9g13m10004o1jorcsqxywm','image','https://lh3.googleusercontent.com/aida-public/AB6AXuCv6qUeKRAWyUPKx37FHVJ8tCHq_w8lh-X_ZEjND-ZxMxbK4DA692DQNBJabIrH_6kJBIT1Img9N_uy81IIz5jCsHWTFxIAaYgHpK4YUmJDzSA2RbWb1NSs4vkeX36Zjo3Sv76vPggHibq_ymXQxnhp3BzYN04wHDUewiNjc5rc1b47_yuD5AbrNZeaDV7LuN7MbZ4EOuzdfLtiwiUJC50wU_C3W4ZLrXZvK5vqSfevotO9Nk_wWX31bXseCGX1vrODwakWaa7Xl9I','Extrusor montado',1,'2026-05-17 07:18:09');
INSERT INTO `ProductMedia` (`id`,`productId`,`type`,`url`,`alt`,`order`,`createdAt`) VALUES ('cmp9g13m40008o1jow7mi3it9','cmp9g13m30007o1jou4papl34','image','https://lh3.googleusercontent.com/aida-public/AB6AXuATJY-spvKCPPbudfVEMArvrRtF8LLF000jKjLRiRN2aufQ7xrsqmNCBBzaJp1VddGELJ-LCKsQSo6cGa5G1n_NQOAs8AdVW_5fVyak3A3FI5igVWZAK3x4u4EEfilNiLjJlGtFdZYyHcFQx_oTZntUzAp6p6arys5rfUTLnfIXnjR66mQnSODOJlb0gheH9q3I996OJ9mKG_3v0e5Y_SSf_dR-grTQxdUfFt2zI9pI6EsOOD3sEtj-Aa_aMkVOfJ6Oo6g_GjvoqU8','Correa completa',0,'2026-05-17 07:18:09');
INSERT INTO `ProductMedia` (`id`,`productId`,`type`,`url`,`alt`,`order`,`createdAt`) VALUES ('cmp9g13m40009o1jo52j5hgul','cmp9g13m30007o1jou4papl34','image','https://lh3.googleusercontent.com/aida-public/AB6AXuAvIAwM6QBD5ufdlfEBNwmoYA9hx1y6VuL_oPqUFSQQvF11I4x_YfuBPt4GaFm9cMukqD491gOj7TPQHjUWt5ygBj4MJJpCVV0wzWl--OHDqyDyR1COzzxY_yzHqjsZxdLrLr_2jXcf-Vwqu1M6PEqfk_mDxX4GnYyNuVBXDBTXU8Wd5x_RuesPDdcKe4zmEo40vBDdawEEQYfmkLjOs2RvSMF7r71AXg1gx6FjpMOH0mC-N61OqC6STmjIMRaHIuL8ZRmXGg4FMl4','Detalle dientes',1,'2026-05-17 07:18:09');
INSERT INTO `ProductMedia` (`id`,`productId`,`type`,`url`,`alt`,`order`,`createdAt`) VALUES ('cmp9g13m5000bo1jolyq3a4lr','cmp9g13m4000ao1jo2f3w8f0o','image','https://lh3.googleusercontent.com/aida-public/AB6AXuAvIAwM6QBD5ufdlfEBNwmoYA9hx1y6VuL_oPqUFSQQvF11I4x_YfuBPt4GaFm9cMukqD491gOj7TPQHjUWt5ygBj4MJJpCVV0wzWl--OHDqyDyR1COzzxY_yzHqjsZxdLrLr_2jXcf-Vwqu1M6PEqfk_mDxX4GnYyNuVBXDBTXU8Wd5x_RuesPDdcKe4zmEo40vBDdawEEQYfmkLjOs2RvSMF7r71AXg1gx6FjpMOH0mC-N61OqC6STmjIMRaHIuL8ZRmXGg4FMl4','Placa frontal',0,'2026-05-17 07:18:09');
INSERT INTO `ProductMedia` (`id`,`productId`,`type`,`url`,`alt`,`order`,`createdAt`) VALUES ('cmp9g13m5000co1jog7zwi12k','cmp9g13m4000ao1jo2f3w8f0o','image','https://lh3.googleusercontent.com/aida-public/AB6AXuATJY-spvKCPPbudfVEMArvrRtF8LLF000jKjLRiRN2aufQ7xrsqmNCBBzaJp1VddGELJ-LCKsQSo6cGa5G1n_NQOAs8AdVW_5fVyak3A3FI5igVWZAK3x4u4EEfilNiLjJlGtFdZYyHcFQx_oTZntUzAp6p6arys5rfUTLnfIXnjR66mQnSODOJlb0gheH9q3I996OJ9mKG_3v0e5Y_SSf_dR-grTQxdUfFt2zI9pI6EsOOD3sEtj-Aa_aMkVOfJ6Oo6g_GjvoqU8','Placa trasera',1,'2026-05-17 07:18:09');
INSERT INTO `ProductMedia` (`id`,`productId`,`type`,`url`,`alt`,`order`,`createdAt`) VALUES ('cmp9g13m5000do1jom9r0vfto','cmp9g13m4000ao1jo2f3w8f0o','image','https://lh3.googleusercontent.com/aida-public/AB6AXuCnrn9qvlTW8MyN6vi8vbNg3rj4Q4k7sOZKCGNQ0Y0B-DN-r0IpRGbb9bjrvYt6Mjnwpc0CA-S8YatrLMu6cwFcsPdLva8k_oO_I81XvTSk7wNwmmjxLYP68yQyvKdivwMQyuYRz7Ewb_l4h4mjAouQjVvsyaFSeKwwVrXKUnSUZzlKH3cthgaKOgltReFrlMmIreXnvuv4-Z1XnpHCTYAVQRFMb-j-N5CaUHwekTm_e498rQJiwaupUsuwt9lDNa7TvDETHw3efd0','Conectores',2,'2026-05-17 07:18:09');
INSERT INTO `ProductMedia` (`id`,`productId`,`type`,`url`,`alt`,`order`,`createdAt`) VALUES ('cmp9g13ma000fo1joedu15s1v','cmp9g13m6000eo1jo6pbxygr3','image','https://lh3.googleusercontent.com/aida-public/AB6AXuCv6qUeKRAWyUPKx37FHVJ8tCHq_w8lh-X_ZEjND-ZxMxbK4DA692DQNBJabIrH_6kJBIT1Img9N_uy81IIz5jCsHWTFxIAaYgHpK4YUmJDzSA2RbWb1NSs4vkeX36Zjo3Sv76vPggHibq_ymXQxnhp3BzYN04wHDUewiNjc5rc1b47_yuD5AbrNZeaDV7LuN7MbZ4EOuzdfLtiwiUJC50wU_C3W4ZLrXZvK5vqSfevotO9Nk_wWX31bXseCGX1vrODwakWaa7Xl9I','Rollo filamento',0,'2026-05-17 07:18:09');
INSERT INTO `ProductMedia` (`id`,`productId`,`type`,`url`,`alt`,`order`,`createdAt`) VALUES ('cmp9g13ma000go1jov09yb9w9','cmp9g13m6000eo1jo6pbxygr3','image','https://lh3.googleusercontent.com/aida-public/AB6AXuCnrn9qvlTW8MyN6vi8vbNg3rj4Q4k7sOZKCGNQ0Y0B-DN-r0IpRGbb9bjrvYt6Mjnwpc0CA-S8YatrLMu6cwFcsPdLva8k_oO_I81XvTSk7wNwmmjxLYP68yQyvKdivwMQyuYRz7Ewb_l4h4mjAouQjVvsyaFSeKwwVrXKUnSUZzlKH3cthgaKOgltReFrlMmIreXnvuv4-Z1XnpHCTYAVQRFMb-j-N5CaUHwekTm_e498rQJiwaupUsuwt9lDNa7TvDETHw3efd0','Detalle color',1,'2026-05-17 07:18:09');
INSERT INTO `ProductMedia` (`id`,`productId`,`type`,`url`,`alt`,`order`,`createdAt`) VALUES ('cmp9g13mc000io1job4k8sddi','cmp9g13mb000ho1jouyfywxzk','image','https://lh3.googleusercontent.com/aida-public/AB6AXuCnrn9qvlTW8MyN6vi8vbNg3rj4Q4k7sOZKCGNQ0Y0B-DN-r0IpRGbb9bjrvYt6Mjnwpc0CA-S8YatrLMu6cwFcsPdLva8k_oO_I81XvTSk7wNwmmjxLYP68yQyvKdivwMQyuYRz7Ewb_l4h4mjAouQjVvsyaFSeKwwVrXKUnSUZzlKH3cthgaKOgltReFrlMmIreXnvuv4-Z1XnpHCTYAVQRFMb-j-N5CaUHwekTm_e498rQJiwaupUsuwt9lDNa7TvDETHw3efd0','Hotend completo',0,'2026-05-17 07:18:09');
INSERT INTO `ProductMedia` (`id`,`productId`,`type`,`url`,`alt`,`order`,`createdAt`) VALUES ('cmp9g13mc000jo1jotsjgenvf','cmp9g13mb000ho1jouyfywxzk','image','https://lh3.googleusercontent.com/aida-public/AB6AXuCv6qUeKRAWyUPKx37FHVJ8tCHq_w8lh-X_ZEjND-ZxMxbK4DA692DQNBJabIrH_6kJBIT1Img9N_uy81IIz5jCsHWTFxIAaYgHpK4YUmJDzSA2RbWb1NSs4vkeX36Zjo3Sv76vPggHibq_ymXQxnhp3BzYN04wHDUewiNjc5rc1b47_yuD5AbrNZeaDV7LuN7MbZ4EOuzdfLtiwiUJC50wU_C3W4ZLrXZvK5vqSfevotO9Nk_wWX31bXseCGX1vrODwakWaa7Xl9I','Hotend desmontado',1,'2026-05-17 07:18:09');
INSERT INTO `ProductMedia` (`id`,`productId`,`type`,`url`,`alt`,`order`,`createdAt`) VALUES ('cmp9g13mc000ko1jocas94xat','cmp9g13mb000ho1jouyfywxzk','image','https://lh3.googleusercontent.com/aida-public/AB6AXuAvIAwM6QBD5ufdlfEBNwmoYA9hx1y6VuL_oPqUFSQQvF11I4x_YfuBPt4GaFm9cMukqD491gOj7TPQHjUWt5ygBj4MJJpCVV0wzWl--OHDqyDyR1COzzxY_yzHqjsZxdLrLr_2jXcf-Vwqu1M6PEqfk_mDxX4GnYyNuVBXDBTXU8Wd5x_RuesPDdcKe4zmEo40vBDdawEEQYfmkLjOs2RvSMF7r71AXg1gx6FjpMOH0mC-N61OqC6STmjIMRaHIuL8ZRmXGg4FMl4','Hotend instalado',2,'2026-05-17 07:18:09');
INSERT INTO `ProductMedia` (`id`,`productId`,`type`,`url`,`alt`,`order`,`createdAt`) VALUES ('cmp9g13md000mo1jo5fh7w9s9','cmp9g13md000lo1jo0mcsv9n2','image','https://lh3.googleusercontent.com/aida-public/AB6AXuATJY-spvKCPPbudfVEMArvrRtF8LLF000jKjLRiRN2aufQ7xrsqmNCBBzaJp1VddGELJ-LCKsQSo6cGa5G1n_NQOAs8AdVW_5fVyak3A3FI5igVWZAK3x4u4EEfilNiLjJlGtFdZYyHcFQx_oTZntUzAp6p6arys5rfUTLnfIXnjR66mQnSODOJlb0gheH9q3I996OJ9mKG_3v0e5Y_SSf_dR-grTQxdUfFt2zI9pI6EsOOD3sEtj-Aa_aMkVOfJ6Oo6g_GjvoqU8','Cama caliente',0,'2026-05-17 07:18:09');
INSERT INTO `ProductMedia` (`id`,`productId`,`type`,`url`,`alt`,`order`,`createdAt`) VALUES ('cmp9g13md000no1jo0csy34db','cmp9g13md000lo1jo0mcsv9n2','image','https://lh3.googleusercontent.com/aida-public/AB6AXuAvIAwM6QBD5ufdlfEBNwmoYA9hx1y6VuL_oPqUFSQQvF11I4x_YfuBPt4GaFm9cMukqD491gOj7TPQHjUWt5ygBj4MJJpCVV0wzWl--OHDqyDyR1COzzxY_yzHqjsZxdLrLr_2jXcf-Vwqu1M6PEqfk_mDxX4GnYyNuVBXDBTXU8Wd5x_RuesPDdcKe4zmEo40vBDdawEEQYfmkLjOs2RvSMF7r71AXg1gx6FjpMOH0mC-N61OqC6STmjIMRaHIuL8ZRmXGg4FMl4','Reverso cama',1,'2026-05-17 07:18:09');
INSERT INTO `ProductMedia` (`id`,`productId`,`type`,`url`,`alt`,`order`,`createdAt`) VALUES ('cmp9g13mf000po1jodxd33w1x','cmp9g13me000oo1jo3spbx1lf','image','https://lh3.googleusercontent.com/aida-public/AB6AXuAvIAwM6QBD5ufdlfEBNwmoYA9hx1y6VuL_oPqUFSQQvF11I4x_YfuBPt4GaFm9cMukqD491gOj7TPQHjUWt5ygBj4MJJpCVV0wzWl--OHDqyDyR1COzzxY_yzHqjsZxdLrLr_2jXcf-Vwqu1M6PEqfk_mDxX4GnYyNuVBXDBTXU8Wd5x_RuesPDdcKe4zmEo40vBDdawEEQYfmkLjOs2RvSMF7r71AXg1gx6FjpMOH0mC-N61OqC6STmjIMRaHIuL8ZRmXGg4FMl4','Sensor BLTouch',0,'2026-05-17 07:18:09');
INSERT INTO `ProductMedia` (`id`,`productId`,`type`,`url`,`alt`,`order`,`createdAt`) VALUES ('cmp9g13mf000qo1jorwuwktur','cmp9g13me000oo1jo3spbx1lf','image','https://lh3.googleusercontent.com/aida-public/AB6AXuCv6qUeKRAWyUPKx37FHVJ8tCHq_w8lh-X_ZEjND-ZxMxbK4DA692DQNBJabIrH_6kJBIT1Img9N_uy81IIz5jCsHWTFxIAaYgHpK4YUmJDzSA2RbWb1NSs4vkeX36Zjo3Sv76vPggHibq_ymXQxnhp3BzYN04wHDUewiNjc5rc1b47_yuD5AbrNZeaDV7LuN7MbZ4EOuzdfLtiwiUJC50wU_C3W4ZLrXZvK5vqSfevotO9Nk_wWX31bXseCGX1vrODwakWaa7Xl9I','Sensor montado',1,'2026-05-17 07:18:09');

-- BlogTag (38)
TRUNCATE TABLE `BlogTag`;
INSERT INTO `BlogTag` (`id`,`name`,`slug`) VALUES ('cmognsld20000o1ukspapsi97','rejilla','rejilla');
INSERT INTO `BlogTag` (`id`,`name`,`slug`) VALUES ('cmogoyav9000bo1ukv86ky1z3','impresión 3d','impresión-3d');
INSERT INTO `BlogTag` (`id`,`name`,`slug`) VALUES ('cmogoyava000jo1uko5ipz28e','mejoras 3d','mejoras-3d');
INSERT INTO `BlogTag` (`id`,`name`,`slug`) VALUES ('cmogoyav9000co1ukpsb6cs4q','ender 3','ender-3');
INSERT INTO `BlogTag` (`id`,`name`,`slug`) VALUES ('cmogoyava000fo1ukv8q7vwm0','cesgar','cesgar');
INSERT INTO `BlogTag` (`id`,`name`,`slug`) VALUES ('cmogoyav9000do1uk7iyy64ua','repotenciación','repotenciación');
INSERT INTO `BlogTag` (`id`,`name`,`slug`) VALUES ('cmogoyav9000eo1ukbps1n3fx','klipper','klipper');
INSERT INTO `BlogTag` (`id`,`name`,`slug`) VALUES ('cmogoyava000ho1ukb2nzsupj','raspberry pi','raspberry-pi');
INSERT INTO `BlogTag` (`id`,`name`,`slug`) VALUES ('cmogoyava000io1ukysrj1xs2','hardware','hardware');
INSERT INTO `BlogTag` (`id`,`name`,`slug`) VALUES ('cmogoyava000go1ukyp4ahl7z','corexz','corexz');
INSERT INTO `BlogTag` (`id`,`name`,`slug`) VALUES ('cmogp6bmj000vo1uk840kmofs','escáner 3d','escáner-3d');
INSERT INTO `BlogTag` (`id`,`name`,`slug`) VALUES ('cmogp6bmj000wo1uk7cvmkv5r','ingeniería inversa','ingeniería-inversa');
INSERT INTO `BlogTag` (`id`,`name`,`slug`) VALUES ('cmogp6bmj000xo1uknelnh3ex','modelado 3d','modelado-3d');
INSERT INTO `BlogTag` (`id`,`name`,`slug`) VALUES ('cmogp6bmj000yo1ukosfna9st','moldes','moldes');
INSERT INTO `BlogTag` (`id`,`name`,`slug`) VALUES ('cmogp6bmj0011o1uk4vf1l1sk','optimización industrial','optimización-industrial');
INSERT INTO `BlogTag` (`id`,`name`,`slug`) VALUES ('cmogp6bmj000zo1ukz5cxin8d','inyección de plástico','inyección-de-plástico');
INSERT INTO `BlogTag` (`id`,`name`,`slug`) VALUES ('cmogpbw7e0015o1ukn39wvara','repuestos automotrices','repuestos-automotrices');
INSERT INTO `BlogTag` (`id`,`name`,`slug`) VALUES ('cmogpbw7f0016o1uk4wyic7qa','autos clásicos','autos-clásicos');
INSERT INTO `BlogTag` (`id`,`name`,`slug`) VALUES ('cmogpbw7f0019o1ukaxjywgrg','restauración','restauración');
INSERT INTO `BlogTag` (`id`,`name`,`slug`) VALUES ('cmogpbw7f0018o1ukv1nwwsut','personalización','personalización');
INSERT INTO `BlogTag` (`id`,`name`,`slug`) VALUES ('cmogphvzu001co1ukl22jjmvj','hmi','hmi');
INSERT INTO `BlogTag` (`id`,`name`,`slug`) VALUES ('cmogphvzv001go1ukbs5k444c','ingeniería digital','ingeniería-digital');
INSERT INTO `BlogTag` (`id`,`name`,`slug`) VALUES ('cmogphvzv001eo1ukfs3hducb','manufactura bajo demanda','manufactura-bajo-demanda');
INSERT INTO `BlogTag` (`id`,`name`,`slug`) VALUES ('cmogphvzv001io1ukrhjx9iem','prototipado rápido','prototipado-rápido');
INSERT INTO `BlogTag` (`id`,`name`,`slug`) VALUES ('cmogphvzu001do1uk1oea8t44','archivos stl','archivos-stl');
INSERT INTO `BlogTag` (`id`,`name`,`slug`) VALUES ('cmogphvzv001fo1ukispo0hng','carcasas personalizadas','carcasas-personalizadas');
INSERT INTO `BlogTag` (`id`,`name`,`slug`) VALUES ('cmogpmxgr001qo1uks5g2v7i8','sustitución de importaciones','sustitución-de-importaciones');
INSERT INTO `BlogTag` (`id`,`name`,`slug`) VALUES ('cmogpmxgr001oo1uko8exer4j','repuestos industriales','repuestos-industriales');
INSERT INTO `BlogTag` (`id`,`name`,`slug`) VALUES ('cmogpmxgr001no1uk0yjibnjl','producción bajo demanda','producción-bajo-demanda');
INSERT INTO `BlogTag` (`id`,`name`,`slug`) VALUES ('cmogpmxgr001po1uku29sqf2i','manufactura aditiva','manufactura-aditiva');
INSERT INTO `BlogTag` (`id`,`name`,`slug`) VALUES ('cmogpmxgr001mo1uk1j0msoxt','máquinas vending','máquinas-vending');
INSERT INTO `BlogTag` (`id`,`name`,`slug`) VALUES ('cmogpsdep0026o1uk9x828a0i','soluciones a medida','soluciones-a-medida');
INSERT INTO `BlogTag` (`id`,`name`,`slug`) VALUES ('cmogpsdeo0022o1uk8ys91efv','bomba peristáltica','bomba-peristáltica');
INSERT INTO `BlogTag` (`id`,`name`,`slug`) VALUES ('cmogpsdeo0023o1ukd7zu7hoo','bioetanol','bioetanol');
INSERT INTO `BlogTag` (`id`,`name`,`slug`) VALUES ('cmogpsdep0027o1uksg3e624w','ingeniería 3d','ingeniería-3d');
INSERT INTO `BlogTag` (`id`,`name`,`slug`) VALUES ('cmogpsdeo0024o1uktkzpmbwr','motor paso a paso','motor-paso-a-paso');
INSERT INTO `BlogTag` (`id`,`name`,`slug`) VALUES ('cmogpsdeo0025o1ukyuyidfvp','dosificación industrial','dosificación-industrial');
INSERT INTO `BlogTag` (`id`,`name`,`slug`) VALUES ('cmogpyeww002fo1uk9yj9420q','tirajes cortos','tirajes-cortos');

-- BlogPost (7)
TRUNCATE TABLE `BlogPost`;
INSERT INTO `BlogPost` (`id`,`title`,`slug`,`excerpt`,`coverImage`,`content`,`status`,`publishedAt`,`authorId`,`createdAt`,`updatedAt`) VALUES ('cmognsld40002o1ukc1bl89ub','Rejilla de Ventilación Personalizada para Carros','repotenciacion','En CESGAR utilizamos la impresión 3D para ofrecer soluciones a medida, como la fabricación de repuestos automotrices descontinuados. En este caso de éxito, diseñamos y fabricamos una rejilla de ventilación personalizada para un vehículo de los años 90, logrando una pieza rentable que recaptura la estética y funcionalidad originales, manteniendo vivas las joyas automovilísticas clásicas.','https://res.cloudinary.com/dpnv9gx8m/image/upload/v1778961459/rejilla-ventilacion-personalizada-carros_ht5coq.png','{"type":"doc","content":[{"type":"heading","attrs":{"textAlign":"left","level":2},"content":[{"type":"text","text":"Rejilla de Ventilación Personalizada para Carros"}]},{"type":"paragraph","attrs":{"textAlign":"left"},"content":[{"type":"text","text":"En CESGAR, nos especializamos en soluciones personalizadas para desafíos únicos. Un ejemplo reciente es nuestro trabajo con un cliente que posee un carro de los 90′. Este cliente no lograba encontrar el repuesto de la rejilla de ventilación que se había roto con el tiempo."}]},{"type":"image","attrs":{"src":"https://cesgar.com.co/wp-content/uploads/2023/10/rejilla-ventilacion-personalizada-carros.png","alt":null,"title":null,"width":null,"height":null}},{"type":"paragraph","attrs":{"textAlign":"left"},"content":[{"type":"text","text":"Haciendo uso de la impresión 3D, hemos diseñado y fabricado una rejilla de ventilación que no solo se adapta perfectamente al vehículo, sino que también recaptura la estética y funcionalidad del diseño original, satisfaciendo plenamente las necesidades del cliente de manera rentable."}]},{"type":"heading","attrs":{"textAlign":"left","level":3},"content":[{"type":"text","text":"Rejilla de Ventilación Original: Testimonio de Tiempo y Uso"}]},{"type":"paragraph","attrs":{"textAlign":"left"},"content":[{"type":"text","text":"En CESGAR, exploramos las posibilidades de la impresión 3D para ayudar a nuestros clientes a superar sus desafíos y mantener vivas las joyas automovilísticas del pasado."}]},{"type":"image","attrs":{"src":"https://cesgar.com.co/wp-content/uploads/2023/10/imagen_2023-10-31_134703695.png","alt":null,"title":null,"width":null,"height":null}},{"type":"paragraph","attrs":{"textAlign":"left"},"content":[{"type":"text","text":"Este es solo un ejemplo de cómo nuestros servicios de impresión 3D pueden ayudar a nuestros clientes a personalizar sus productos y a llevar sus ideas a la realidad."}]}]}','published','2026-04-29 00:45:00','cmnz7mf66000ro1bb0rqw34av','2026-04-27 03:50:10','2026-04-27 04:33:10');
INSERT INTO `BlogPost` (`id`,`title`,`slug`,`excerpt`,`coverImage`,`content`,`status`,`publishedAt`,`authorId`,`createdAt`,`updatedAt`) VALUES ('cmogoyawe000lo1uk0g65bwka','Repotenciación de impresora 3D Ender 3','repotenciacion-de-impresora-3d-ender-3','En este artículo detallamos la completa repotenciación de una impresora 3D Ender 3 llevada a cabo por CESGAR para superar sus limitaciones de fábrica. Mediante la conversión a un sistema mecánico CoreXZ con guías lineales y la integración de electrónica avanzada con Klipper y Raspberry Pi, logramos aumentar drásticamente la velocidad de impresión hasta 200 mm/s mejorando la precisión y el control; un servicio de actualización integral que ahora ofrecemos a todos los entusiastas de la fabricación digital.','https://res.cloudinary.com/dpnv9gx8m/image/upload/v1778961471/optimizacion-ender-3-voron_stdudw.webp','{"type":"doc","content":[{"type":"heading","attrs":{"textAlign":null,"level":2},"content":[{"type":"text","text":"Repotenciación de impresora 3D Ender 3"}]},{"type":"paragraph","attrs":{"textAlign":null}},{"type":"paragraph","attrs":{"textAlign":null},"content":[{"type":"text","text":"La Ender 3 es una de las impresoras 3D más populares del mercado gracias a su bajo costo y buen rendimiento. De fábrica, ofrece una estructura cartesiana básica, volumen de impresión de 220x220x250 mm, velocidades de impresión moderadas (alrededor de "},{"type":"text","marks":[{"type":"bold"}],"text":"60 mm/s"},{"type":"text","text":") y un extrusor tipo Bowden que cumple con tareas generales, pero presenta limitaciones para proyectos más exigentes."}]},{"type":"image","attrs":{"src":"https://cesgar.com.co/wp-content/uploads/2025/05/impresora-3d-ender-3impresora-3d-ender-3-600x600.webp","alt":null,"title":null,"width":null,"height":null}},{"type":"paragraph","attrs":{"textAlign":null},"content":[{"type":"text","text":"Con el objetivo de superar estas limitaciones, realizamos una completa repotenciación de la máquina. Imprimimos todas las piezas necesarias para su transformación y reemplazamos los rodamientos por guías lineales, aumentando la precisión y reduciendo la fricción. Mecánicamente, rediseñamos la estructura para convertirla en un sistema CoreXZ, lo que nos permitió alcanzar velocidades de hasta "},{"type":"text","marks":[{"type":"bold"}],"text":"200 mm/s"},{"type":"text","text":" sin comprometer la calidad de impresión."}]},{"type":"image","attrs":{"src":"https://cesgar.com.co/wp-content/uploads/2025/05/ender-3-voron-600x800.webp","alt":null,"title":null,"width":null,"height":null}},{"type":"paragraph","attrs":{"textAlign":null},"content":[{"type":"text","text":"En el apartado electrónico, complementamos a la placa original una Raspberry Pi, una expansión para Klipper, un acelerómetro para calibraciones más finas, e instalamos luces LED para mejorar la visibilidad del área de trabajo. Además, actualizamos el extrusor para lograr una mejor alimentación del filamento."}]},{"type":"image","attrs":{"src":"https://cesgar.com.co/wp-content/uploads/2025/05/optimizacion-ender-3-voron-600x450.webp","alt":null,"title":null,"width":null,"height":null}},{"type":"paragraph","attrs":{"textAlign":null},"content":[{"type":"text","text":"La implementación de Klipper como firmware nos brindó un control más preciso de los movimientos y tiempos, optimizando así el rendimiento general de la máquina."}]},{"type":"paragraph","attrs":{"textAlign":null},"content":[{"type":"text","text":"Invitamos a todos los usuarios de impresoras 3D a repotenciar sus equipos con CESGAR, donde ofrecemos tanto el servicio de modificación como la venta de repuestos y accesorios. ¡Dale nueva vida a tu impresora y alcanza un nuevo nivel de calidad y velocidad!"}]}]}','published','2026-04-27 09:21:00','cmnz7mf66000ro1bb0rqw34av','2026-04-27 04:22:36','2026-04-27 04:24:23');
INSERT INTO `BlogPost` (`id`,`title`,`slug`,`excerpt`,`coverImage`,`content`,`status`,`publishedAt`,`authorId`,`createdAt`,`updatedAt`) VALUES ('cmogp6bnn0013o1ukli53dwhy','Escáner 3D en la modificación de moldes','escaner-3d-en-la-modificacion-de-moldes','Descubre cómo en CESGAR aplicamos el escaneo y modelado 3D para ofrecer servicios de ingeniería inversa. En este artículo, mostramos un caso de éxito donde ayudamos a un cliente del sector de inyección de plástico a digitalizar y modificar su molde original, optimizando sus procesos de producción sin necesidad de recursos internos adicionales.','https://res.cloudinary.com/dpnv9gx8m/image/upload/v1778961471/escaneo-3d-de-un-molde-industrial-para-digitalizacion-y-control-de-calidad_xnxm76.png','{"type":"doc","content":[{"type":"heading","attrs":{"textAlign":null,"level":2},"content":[{"type":"text","text":"Escáner 3D en la modificación de moldes"}]},{"type":"paragraph","attrs":{"textAlign":null},"content":[{"type":"text","text":"En CESGAR, ofrecemos una gama de servicios de impresión 3D que van más allá de la simple producción de piezas. Uno de estos servicios es la ingeniería inversa, que permite a nuestros clientes personalizar sus moldes y mejorar su proceso de producción."}]},{"type":"paragraph","attrs":{"textAlign":null},"content":[{"type":"text","text":"Un ejemplo de esto es nuestro trabajo con un cliente que desarrolla piezas mediante inyección de plástico. Este cliente necesitaba personalizar su molde, pero no tenía la capacidad de hacerlo internamente."}]},{"type":"image","attrs":{"src":"https://cesgar.com.co/wp-content/uploads/2023/10/escaneo-3d-de-un-molde-industrial-para-digitalizacion-y-control-de-calidad.png","alt":null,"title":null,"width":null,"height":null}},{"type":"paragraph","attrs":{"textAlign":null},"content":[{"type":"text","text":"En CESGAR, utilizamos nuestro servicio de escaneo y modelado 3D para realizar ingeniería inversa del molde. Esto permitió a nuestro cliente visualizar el molde en un formato digital y hacer las modificaciones necesarias."}]},{"type":"image","attrs":{"src":"https://cesgar.com.co/wp-content/uploads/2023/10/escaneo-3d-moldes-industriales.png","alt":null,"title":null,"width":null,"height":null}},{"type":"paragraph","attrs":{"textAlign":null},"content":[{"type":"text","text":"Este servicio de ingeniería inversa es solo uno de los muchos que CESGAR ofrece para ayudar a nuestros clientes a optimizar sus procesos de producción y a aprovechar al máximo la tecnología de impresión 3D."}]},{"type":"image","attrs":{"src":"https://cesgar.com.co/wp-content/uploads/2023/10/imagen_2023-10-23_120111926.png","alt":null,"title":null,"width":null,"height":null}},{"type":"paragraph","attrs":{"textAlign":null},"content":[{"type":"text","text":"Este es solo un ejemplo de cómo nuestros servicios de impresión 3D pueden ayudar a nuestros clientes a personalizar sus productos y a llevar sus ideas a la realidad."}]}]}','published','2026-04-27 04:27:00','cmnz7mf66000ro1bb0rqw34av','2026-04-27 04:28:50','2026-04-27 04:28:50');
INSERT INTO `BlogPost` (`id`,`title`,`slug`,`excerpt`,`coverImage`,`content`,`status`,`publishedAt`,`authorId`,`createdAt`,`updatedAt`) VALUES ('cmogphw0i001ko1uktvm19h5s','HMI personalizado','hmi-personalizado','En este artículo mostramos cómo en CESGAR transformamos un diseño digital en una solución física y funcional. Presentamos el caso de un cliente que diseñó una carcasa (case) a medida para un dispositivo HMI y nos envió el archivo STL. Gracias a nuestros servicios de impresión 3D bajo demanda, logramos fabricar una pieza de protección exacta y adaptada a sus necesidades específicas, demostrando las ventajas de la manufactura personalizada frente a las opciones estándar del mercado.','https://res.cloudinary.com/dpnv9gx8m/image/upload/v1778961476/impresion-3d-hmi-personalizado_gmmpfi.png','{"type":"doc","content":[{"type":"heading","attrs":{"textAlign":null,"level":2},"content":[{"type":"text","text":"HMI Personalizado: Del Diseño a la Realidad"}]},{"type":"paragraph","attrs":{"textAlign":null},"content":[{"type":"text","text":"En CESGAR, nos enorgullece ofrecer servicios de impresión 3D que permiten a nuestros clientes llevar sus ideas del diseño digital al mundo físico. Un ejemplo destacado de esto es nuestro reciente trabajo con un cliente que diseñó un "},{"type":"text","marks":[{"type":"italic"}],"text":"case"},{"type":"text","text":" (carcasa) personalizado para un HMI (Interfaz Hombre-Máquina). A menudo, estos dispositivos requieren protecciones robustas o montajes muy específicos para su entorno de trabajo, algo que las soluciones comerciales estándar rara vez logran cubrir a la perfección."}]},{"type":"image","attrs":{"src":"https://cesgar.com.co/wp-content/uploads/2023/10/impresion-3d-hmi-personalizado.png","alt":null,"title":null,"width":null,"height":null}},{"type":"paragraph","attrs":{"textAlign":null},"content":[{"type":"text","text":"Este cliente tenía necesidades muy particulares de montaje y ergonomía para su proyecto, por lo que diseñó una carcasa que se ajustaba milimétricamente a su maquinaria. Una vez finalizado, nos envió su diseño en formato STL, que es el tipo de archivo estándar más utilizado en la impresión 3D. Al recibir el modelo, nuestro equipo pudo procesarlo rápidamente para prepararlo para la fabricación."}]},{"type":"image","attrs":{"src":"https://cesgar.com.co/wp-content/uploads/2023/10/impresion-3d-de-un-panel-de-interfaz-hombre-maquina-hmi-personalizado.png","alt":null,"title":null,"width":null,"height":null}},{"type":"paragraph","attrs":{"textAlign":null},"content":[{"type":"text","text":"En CESGAR, utilizamos nuestras impresoras 3D para producir el "},{"type":"text","marks":[{"type":"italic"}],"text":"case"},{"type":"text","text":" exactamente según el diseño del cliente, utilizando materiales capaces de proteger adecuadamente los componentes electrónicos internos. Este servicio de manufactura bajo demanda permite a nuestros clientes tener un control total sobre el diseño y la funcionalidad de sus productos, asegurando que se integren perfectamente a sus necesidades sin los altos costos de la inyección de plástico tradicional."}]},{"type":"image","attrs":{"src":"https://cesgar.com.co/wp-content/uploads/2023/10/imagen_2023-10-23_112137199.png","alt":null,"title":null,"width":null,"height":null}},{"type":"paragraph","attrs":{"textAlign":null},"content":[{"type":"text","text":"Este caso de éxito es solo un ejemplo de cómo nuestros servicios de impresión 3D pueden ayudar a nuestros clientes a personalizar sus equipos, superar barreras de hardware y llevar sus ideas directamente a la realidad."}]}]}','published','2026-04-27 04:36:00','cmnz7mf66000ro1bb0rqw34av','2026-04-27 04:37:50','2026-04-27 04:37:50');
INSERT INTO `BlogPost` (`id`,`title`,`slug`,`excerpt`,`coverImage`,`content`,`status`,`publishedAt`,`authorId`,`createdAt`,`updatedAt`) VALUES ('cmogpmxhv001to1ukl8m1wcd2','Bandeja de goteo para máquinas vending','bandeja-de-goteo-para-maquinas-vending','En este caso de éxito, explicamos cómo CESGAR solucionó el problema de escasez de repuestos para un cliente del sector de máquinas vending. Al diseñar y fabricar bandejas de goteo mediante impresión 3D, logramos sustituir las costosas y lentas importaciones por una producción local bajo demanda. Esto no solo redujo los tiempos de inactividad de las máquinas, sino que generó ahorros significativos, demostrando la rentabilidad de la manufactura aditiva en el mantenimiento de equipos.','https://res.cloudinary.com/dpnv9gx8m/image/upload/v1778961439/bandeja-de-goteo-para-maquinas-vending-recogiendo-liquidos-derramados_gbhk7z.png','{"type":"doc","content":[{"type":"heading","attrs":{"textAlign":null,"level":2},"content":[{"type":"text","text":"Bandeja de Goteo para Máquinas Vending: Soluciones Bajo Demanda"}]},{"type":"paragraph","attrs":{"textAlign":null},"content":[{"type":"text","text":"En CESGAR, utilizamos la impresión 3D para ofrecer soluciones personalizadas a problemas industriales y comerciales de todo tipo. Un excelente ejemplo de esto es nuestro reciente trabajo con un cliente del sector de dispensadores automáticos, quien necesitaba reemplazar las bandejas de goteo dañadas o extraviadas en sus máquinas "},{"type":"text","marks":[{"type":"italic"}],"text":"vending"},{"type":"text","text":". A menudo, conseguir estos repuestos específicos implica lidiar con piezas descontinuadas, altos costos de envío o largos tiempos de espera por importación."}]},{"type":"image","attrs":{"src":"https://cesgar.com.co/wp-content/uploads/2023/10/bandeja-goteo-maquinas-vending.png","alt":null,"title":null,"width":null,"height":null}},{"type":"paragraph","attrs":{"textAlign":null},"content":[{"type":"text","text":"Para resolver este inconveniente, desarrollamos un modelo digital exacto y fabricamos un prototipo de repuesto utilizando impresión 3D con materiales resistentes. Esta alternativa eliminó por completo la necesidad de importar las piezas, permitiendo una producción local y bajo demanda. De esta forma, el cliente puede solicitar exactamente la cantidad de bandejas que necesita, en el momento que las necesita, lo que se traduce en una reducción del tiempo de inactividad de sus máquinas y en ahorros económicos significativos."}]},{"type":"image","attrs":{"src":"https://cesgar.com.co/wp-content/uploads/2023/10/bandeja-de-goteo-para-maquinas-vending-recogiendo-liquidos-derramados.png","alt":null,"title":null,"width":null,"height":null}},{"type":"paragraph","attrs":{"textAlign":null},"content":[{"type":"text","text":"En CESGAR, demostramos día a día cómo la manufactura aditiva y la impresión 3D son herramientas clave para ofrecer soluciones ágiles, personalizadas y altamente rentables, optimizando el mantenimiento de equipos para nuestros clientes."}]},{"type":"paragraph","attrs":{"textAlign":null}}]}','published','2026-04-27 09:40:00','cmnz7mf66000ro1bb0rqw34av','2026-04-27 04:41:45','2026-04-27 04:42:34');
INSERT INTO `BlogPost` (`id`,`title`,`slug`,`excerpt`,`coverImage`,`content`,`status`,`publishedAt`,`authorId`,`createdAt`,`updatedAt`) VALUES ('cmogpsdfv002ao1ukrh26331f','Bomba Dosificadora para Producción de Bioetanol','bomba-dosificadora-para-produccion-de-bioetanol','En este artículo destacamos el desarrollo de una bomba dosificadora para la producción de bioetanol. Mediante el uso de impresión 3D, en CESGAR diseñamos y fabricamos una bomba peristáltica impulsada por un motor paso a paso. Esta solución a medida no solo redujo drásticamente los costos frente a las alternativas comerciales, sino que proporcionó la precisión y la resistencia necesarias para el manejo de fluidos industriales, demostrando el potencial de la manufactura aditiva en el sector energético.','https://res.cloudinary.com/dpnv9gx8m/image/upload/v1778961395/bomba-dosificadora-de-precision-para-uso-en-la-produccion-de-bioetanol-600x487_qh6zjd.jpg','{"type":"doc","content":[{"type":"heading","attrs":{"textAlign":null,"level":2},"content":[{"type":"text","text":"Bomba Dosificadora para Producción de Bioetanol"}]},{"type":"paragraph","attrs":{"textAlign":null},"content":[{"type":"text","text":"En CESGAR, nos especializamos en diseñar soluciones personalizadas para desafíos industriales únicos. Un excelente ejemplo de nuestra capacidad de innovación es nuestro trabajo con un cliente del sector energético que necesitaba una bomba dosificadora precisa para su línea de producción de bioetanol. A menudo, los equipos comerciales que ofrecen este nivel de precisión tienen costos prohibitivos o no se adaptan fácilmente a sistemas experimentales o a medida."}]},{"type":"image","attrs":{"src":"https://cesgar.com.co/wp-content/uploads/2023/07/bomba-dosificadora-de-precision-para-uso-en-la-produccion-de-bioetanol.jpg","alt":null,"title":null,"width":null,"height":null}},{"type":"paragraph","attrs":{"textAlign":null},"content":[{"type":"text","text":"Para dar respuesta a esta necesidad, utilizamos el modelado y la impresión 3D para desarrollar una bomba peristáltica completamente funcional, impulsada por un motor paso a paso. Este diseño es ideal para el manejo de químicos y bioetanol, ya que el fluido solo tiene contacto con la manguera interna, evitando la corrosión de las piezas mecánicas y garantizando un bombeo exacto, controlado y libre de contaminación."}]},{"type":"image","attrs":{"src":"https://cesgar.com.co/wp-content/uploads/2023/07/bomba-dosificadora-produccion-bioetanol.jpg","alt":null,"title":null,"width":null,"height":null}},{"type":"paragraph","attrs":{"textAlign":null},"content":[{"type":"text","text":"Gracias a la manufactura aditiva, logramos fabricar el rotor y la carcasa cumpliendo con las especificaciones técnicas del cliente de una manera altamente rentable y eficiente. En CESGAR, seguimos explorando y ampliando las posibilidades de la impresión 3D para ayudar a la industria a superar sus desafíos tecnológicos con soluciones accesibles."}]}]}','published','2026-04-27 04:44:00','cmnz7mf66000ro1bb0rqw34av','2026-04-27 04:45:59','2026-04-27 04:45:59');
INSERT INTO `BlogPost` (`id`,`title`,`slug`,`excerpt`,`coverImage`,`content`,`status`,`publishedAt`,`authorId`,`createdAt`,`updatedAt`) VALUES ('cmogpyey3002ko1ukodg2pqtu','Soporte de Motor Batidor: Producción Bajo Demanda y Mayor Resistencia','soporte-de-motor-batidor-produccion-bajo-demanda-y-mayor-resistencia','En este caso de éxito, abordamos el problema de un cliente de máquinas vending que sufría por la fragilidad del soporte de su motor batidor y las costosas importaciones para reemplazarlo. En CESGAR, rediseñamos y fabricamos mediante impresión 3D un repuesto más resistente y producido localmente. Esta solución permite la fabricación bajo demanda, eliminando la necesidad de importar grandes lotes y optimizando los costos de mantenimiento del cliente.','https://res.cloudinary.com/dpnv9gx8m/image/upload/v1778961464/soporte-motor-batidor_fg59v9.png','{"type":"doc","content":[{"type":"heading","attrs":{"textAlign":null,"level":2},"content":[{"type":"text","text":"Soporte de Motor Batidor: Producción Bajo Demanda y Mayor Resistencia"}]},{"type":"image","attrs":{"src":"https://cesgar.com.co/wp-content/uploads/2023/07/soporte-o-carcasa-de-montaje-para-un-motor-de-batidor.jpg","alt":null,"title":null,"width":null,"height":null}},{"type":"paragraph","attrs":{"textAlign":null},"content":[{"type":"text","text":"En CESGAR, nos enorgullece ofrecer servicios de impresión 3D para tirajes cortos y producción bajo demanda, proporcionando eficiencia, agilidad y flexibilidad a nuestros clientes industriales y comerciales."}]},{"type":"paragraph","attrs":{"textAlign":null},"content":[{"type":"text","text":"Un claro ejemplo de cómo la manufactura aditiva puede resolver problemas logísticos y de diseño es nuestro trabajo con un cliente que opera máquinas "},{"type":"text","marks":[{"type":"italic"}],"text":"vending"},{"type":"text","text":". Ellos se enfrentaban a un inconveniente recurrente con un repuesto específico: el soporte del motor batidor. La pieza de fábrica era frágil, propensa a romperse con el uso continuo, y su reemplazo requería largas y costosas importaciones obligando a comprar en grandes cantidades."}]},{"type":"image","attrs":{"src":"https://cesgar.com.co/wp-content/uploads/2023/07/soporte-motor-batidor.jpg","alt":null,"title":null,"width":null,"height":null}},{"type":"paragraph","attrs":{"textAlign":null},"content":[{"type":"text","text":"Para solucionar este cuello de botella, utilizamos la impresión 3D para rediseñar y desarrollar un repuesto estructuralmente más resistente. Al fabricarlo localmente con materiales duraderos, eliminamos por completo la necesidad de importación. Además, este proceso productivo es altamente escalable y permite trabajar estrictamente bajo demanda; esto significa que el cliente ahora solo solicita la cantidad exacta que necesita, en el momento que la necesita, sin que el costo unitario por pieza se vea afectado."}]},{"type":"image","attrs":{"src":"https://cesgar.com.co/wp-content/uploads/2023/07/soporte-motor-batidor.png","alt":null,"title":null,"width":null,"height":null}},{"type":"paragraph","attrs":{"textAlign":null},"content":[{"type":"text","text":"En CESGAR, estamos emocionados por las infinitas posibilidades que la impresión 3D ofrece para la optimización del mantenimiento de equipos, y estamos fuertemente comprometidos a ayudar a nuestros clientes a aprovechar todos estos beneficios técnicos y económicos."}]}]}','published','2026-04-27 14:48:00','cmnz7mf66000ro1bb0rqw34av','2026-04-27 04:50:41','2026-04-27 16:37:46');

-- BlogPostTag
TRUNCATE TABLE `BlogPostTag`;
INSERT INTO `BlogPostTag` (`postId`,`tagId`) VALUES ('cmogoyawe000lo1uk0g65bwka','cmogoyav9000bo1ukv86ky1z3');
INSERT INTO `BlogPostTag` (`postId`,`tagId`) VALUES ('cmogoyawe000lo1uk0g65bwka','cmogoyav9000co1ukpsb6cs4q');
INSERT INTO `BlogPostTag` (`postId`,`tagId`) VALUES ('cmogoyawe000lo1uk0g65bwka','cmogoyav9000do1uk7iyy64ua');
INSERT INTO `BlogPostTag` (`postId`,`tagId`) VALUES ('cmogoyawe000lo1uk0g65bwka','cmogoyav9000eo1ukbps1n3fx');
INSERT INTO `BlogPostTag` (`postId`,`tagId`) VALUES ('cmogoyawe000lo1uk0g65bwka','cmogoyava000fo1ukv8q7vwm0');
INSERT INTO `BlogPostTag` (`postId`,`tagId`) VALUES ('cmogoyawe000lo1uk0g65bwka','cmogoyava000go1ukyp4ahl7z');
INSERT INTO `BlogPostTag` (`postId`,`tagId`) VALUES ('cmogoyawe000lo1uk0g65bwka','cmogoyava000ho1ukb2nzsupj');
INSERT INTO `BlogPostTag` (`postId`,`tagId`) VALUES ('cmogoyawe000lo1uk0g65bwka','cmogoyava000io1ukysrj1xs2');
INSERT INTO `BlogPostTag` (`postId`,`tagId`) VALUES ('cmogoyawe000lo1uk0g65bwka','cmogoyava000jo1uko5ipz28e');
INSERT INTO `BlogPostTag` (`postId`,`tagId`) VALUES ('cmogp6bnn0013o1ukli53dwhy','cmogp6bmj000vo1uk840kmofs');
INSERT INTO `BlogPostTag` (`postId`,`tagId`) VALUES ('cmogp6bnn0013o1ukli53dwhy','cmogp6bmj000wo1uk7cvmkv5r');
INSERT INTO `BlogPostTag` (`postId`,`tagId`) VALUES ('cmogp6bnn0013o1ukli53dwhy','cmogp6bmj000xo1uknelnh3ex');
INSERT INTO `BlogPostTag` (`postId`,`tagId`) VALUES ('cmogp6bnn0013o1ukli53dwhy','cmogp6bmj000yo1ukosfna9st');
INSERT INTO `BlogPostTag` (`postId`,`tagId`) VALUES ('cmogp6bnn0013o1ukli53dwhy','cmogp6bmj000zo1ukz5cxin8d');
INSERT INTO `BlogPostTag` (`postId`,`tagId`) VALUES ('cmogp6bnn0013o1ukli53dwhy','cmogoyava000fo1ukv8q7vwm0');
INSERT INTO `BlogPostTag` (`postId`,`tagId`) VALUES ('cmogp6bnn0013o1ukli53dwhy','cmogp6bmj0011o1uk4vf1l1sk');
INSERT INTO `BlogPostTag` (`postId`,`tagId`) VALUES ('cmognsld40002o1ukc1bl89ub','cmogoyav9000bo1ukv86ky1z3');
INSERT INTO `BlogPostTag` (`postId`,`tagId`) VALUES ('cmognsld40002o1ukc1bl89ub','cmogpbw7e0015o1ukn39wvara');
INSERT INTO `BlogPostTag` (`postId`,`tagId`) VALUES ('cmognsld40002o1ukc1bl89ub','cmogpbw7f0016o1uk4wyic7qa');
INSERT INTO `BlogPostTag` (`postId`,`tagId`) VALUES ('cmognsld40002o1ukc1bl89ub','cmogp6bmj000xo1uknelnh3ex');
INSERT INTO `BlogPostTag` (`postId`,`tagId`) VALUES ('cmognsld40002o1ukc1bl89ub','cmogpbw7f0018o1ukv1nwwsut');
INSERT INTO `BlogPostTag` (`postId`,`tagId`) VALUES ('cmognsld40002o1ukc1bl89ub','cmogpbw7f0019o1ukaxjywgrg');
INSERT INTO `BlogPostTag` (`postId`,`tagId`) VALUES ('cmognsld40002o1ukc1bl89ub','cmogoyava000fo1ukv8q7vwm0');
INSERT INTO `BlogPostTag` (`postId`,`tagId`) VALUES ('cmogphw0i001ko1uktvm19h5s','cmogoyav9000bo1ukv86ky1z3');
INSERT INTO `BlogPostTag` (`postId`,`tagId`) VALUES ('cmogphw0i001ko1uktvm19h5s','cmogphvzu001co1ukl22jjmvj');
INSERT INTO `BlogPostTag` (`postId`,`tagId`) VALUES ('cmogphw0i001ko1uktvm19h5s','cmogphvzu001do1uk1oea8t44');
INSERT INTO `BlogPostTag` (`postId`,`tagId`) VALUES ('cmogphw0i001ko1uktvm19h5s','cmogphvzv001eo1ukfs3hducb');
INSERT INTO `BlogPostTag` (`postId`,`tagId`) VALUES ('cmogphw0i001ko1uktvm19h5s','cmogphvzv001fo1ukispo0hng');
INSERT INTO `BlogPostTag` (`postId`,`tagId`) VALUES ('cmogphw0i001ko1uktvm19h5s','cmogphvzv001go1ukbs5k444c');
INSERT INTO `BlogPostTag` (`postId`,`tagId`) VALUES ('cmogphw0i001ko1uktvm19h5s','cmogoyava000fo1ukv8q7vwm0');
INSERT INTO `BlogPostTag` (`postId`,`tagId`) VALUES ('cmogphw0i001ko1uktvm19h5s','cmogphvzv001io1ukrhjx9iem');
INSERT INTO `BlogPostTag` (`postId`,`tagId`) VALUES ('cmogpmxhv001to1ukl8m1wcd2','cmogoyav9000bo1ukv86ky1z3');
INSERT INTO `BlogPostTag` (`postId`,`tagId`) VALUES ('cmogpmxhv001to1ukl8m1wcd2','cmogoyava000fo1ukv8q7vwm0');
INSERT INTO `BlogPostTag` (`postId`,`tagId`) VALUES ('cmogpmxhv001to1ukl8m1wcd2','cmogpmxgr001mo1uk1j0msoxt');
INSERT INTO `BlogPostTag` (`postId`,`tagId`) VALUES ('cmogpmxhv001to1ukl8m1wcd2','cmogpmxgr001no1uk0yjibnjl');
INSERT INTO `BlogPostTag` (`postId`,`tagId`) VALUES ('cmogpmxhv001to1ukl8m1wcd2','cmogpmxgr001oo1uko8exer4j');
INSERT INTO `BlogPostTag` (`postId`,`tagId`) VALUES ('cmogpmxhv001to1ukl8m1wcd2','cmogpmxgr001po1uku29sqf2i');
INSERT INTO `BlogPostTag` (`postId`,`tagId`) VALUES ('cmogpmxhv001to1ukl8m1wcd2','cmogpmxgr001qo1uks5g2v7i8');
INSERT INTO `BlogPostTag` (`postId`,`tagId`) VALUES ('cmogpsdfv002ao1ukrh26331f','cmogoyav9000bo1ukv86ky1z3');
INSERT INTO `BlogPostTag` (`postId`,`tagId`) VALUES ('cmogpsdfv002ao1ukrh26331f','cmogpsdeo0022o1uk8ys91efv');
INSERT INTO `BlogPostTag` (`postId`,`tagId`) VALUES ('cmogpsdfv002ao1ukrh26331f','cmogpsdeo0023o1ukd7zu7hoo');
INSERT INTO `BlogPostTag` (`postId`,`tagId`) VALUES ('cmogpsdfv002ao1ukrh26331f','cmogpsdeo0024o1uktkzpmbwr');
INSERT INTO `BlogPostTag` (`postId`,`tagId`) VALUES ('cmogpsdfv002ao1ukrh26331f','cmogpsdeo0025o1ukyuyidfvp');
INSERT INTO `BlogPostTag` (`postId`,`tagId`) VALUES ('cmogpsdfv002ao1ukrh26331f','cmogpsdep0026o1uk9x828a0i');
INSERT INTO `BlogPostTag` (`postId`,`tagId`) VALUES ('cmogpsdfv002ao1ukrh26331f','cmogpsdep0027o1uksg3e624w');
INSERT INTO `BlogPostTag` (`postId`,`tagId`) VALUES ('cmogpsdfv002ao1ukrh26331f','cmogoyava000fo1ukv8q7vwm0');
INSERT INTO `BlogPostTag` (`postId`,`tagId`) VALUES ('cmogpyey3002ko1ukodg2pqtu','cmogoyav9000bo1ukv86ky1z3');
INSERT INTO `BlogPostTag` (`postId`,`tagId`) VALUES ('cmogpyey3002ko1ukodg2pqtu','cmogoyava000fo1ukv8q7vwm0');
INSERT INTO `BlogPostTag` (`postId`,`tagId`) VALUES ('cmogpyey3002ko1ukodg2pqtu','cmogpmxgr001mo1uk1j0msoxt');
INSERT INTO `BlogPostTag` (`postId`,`tagId`) VALUES ('cmogpyey3002ko1ukodg2pqtu','cmogpmxgr001no1uk0yjibnjl');
INSERT INTO `BlogPostTag` (`postId`,`tagId`) VALUES ('cmogpyey3002ko1ukodg2pqtu','cmogpmxgr001oo1uko8exer4j');
INSERT INTO `BlogPostTag` (`postId`,`tagId`) VALUES ('cmogpyey3002ko1ukodg2pqtu','cmogpmxgr001po1uku29sqf2i');
INSERT INTO `BlogPostTag` (`postId`,`tagId`) VALUES ('cmogpyey3002ko1ukodg2pqtu','cmogpmxgr001qo1uks5g2v7i8');
INSERT INTO `BlogPostTag` (`postId`,`tagId`) VALUES ('cmogpyey3002ko1ukodg2pqtu','cmogpyeww002fo1uk9yj9420q');

-- Order (29)
TRUNCATE TABLE `Order`;
INSERT INTO `Order` (`id`,`preferenceId`,`paymentId`,`status`,`type`,`total`,`shippingName`,`shippingEmail`,`shippingDocType`,`shippingDocNumber`,`shippingPhone`,`shippingAddress`,`shippingNeighborhood`,`shippingAddressExtra`,`shippingDepartment`,`shippingCity`,`shippingPostalCode`,`shippingInstructions`,`createdAt`,`updatedAt`) VALUES ('cmoknmjnx0000o1ih0l0i0waw',NULL,NULL,'pending','product',35000,NULL,NULL,NULL,NULL,NULL,NULL,NULL,NULL,NULL,NULL,NULL,NULL,'2026-04-29 22:56:32','2026-04-29 22:56:32');
INSERT INTO `Order` (`id`,`preferenceId`,`paymentId`,`status`,`type`,`total`,`shippingName`,`shippingEmail`,`shippingDocType`,`shippingDocNumber`,`shippingPhone`,`shippingAddress`,`shippingNeighborhood`,`shippingAddressExtra`,`shippingDepartment`,`shippingCity`,`shippingPostalCode`,`shippingInstructions`,`createdAt`,`updatedAt`) VALUES ('cmoknnoi90002o1ihu3iuz34c','3369115656-e62640fd-93f0-4b9f-a4a5-6e859408aba3',NULL,'pending','product',35000,NULL,NULL,NULL,NULL,NULL,NULL,NULL,NULL,NULL,NULL,NULL,NULL,'2026-04-29 22:57:25','2026-04-29 22:57:26');
INSERT INTO `Order` (`id`,`preferenceId`,`paymentId`,`status`,`type`,`total`,`shippingName`,`shippingEmail`,`shippingDocType`,`shippingDocNumber`,`shippingPhone`,`shippingAddress`,`shippingNeighborhood`,`shippingAddressExtra`,`shippingDepartment`,`shippingCity`,`shippingPostalCode`,`shippingInstructions`,`createdAt`,`updatedAt`) VALUES ('cmoknom4f0004o1ih6cb3iuk1','3369115656-f24c475e-2dd4-4558-bb11-8efcc83f4f23',NULL,'pending','product',35000,NULL,NULL,NULL,NULL,NULL,NULL,NULL,NULL,NULL,NULL,NULL,NULL,'2026-04-29 22:58:09','2026-04-29 22:58:09');
INSERT INTO `Order` (`id`,`preferenceId`,`paymentId`,`status`,`type`,`total`,`shippingName`,`shippingEmail`,`shippingDocType`,`shippingDocNumber`,`shippingPhone`,`shippingAddress`,`shippingNeighborhood`,`shippingAddressExtra`,`shippingDepartment`,`shippingCity`,`shippingPostalCode`,`shippingInstructions`,`createdAt`,`updatedAt`) VALUES ('cmokntzln0006o1ihexvh31pp','3369115656-084d6fba-11c6-4aca-a759-2dd8c8405553',NULL,'pending','product',355000,NULL,NULL,NULL,NULL,NULL,NULL,NULL,NULL,NULL,NULL,NULL,NULL,'2026-04-29 23:02:20','2026-04-29 23:02:20');
INSERT INTO `Order` (`id`,`preferenceId`,`paymentId`,`status`,`type`,`total`,`shippingName`,`shippingEmail`,`shippingDocType`,`shippingDocNumber`,`shippingPhone`,`shippingAddress`,`shippingNeighborhood`,`shippingAddressExtra`,`shippingDepartment`,`shippingCity`,`shippingPostalCode`,`shippingInstructions`,`createdAt`,`updatedAt`) VALUES ('cmoknwho30000o1l1d3nwfd3u','3369115656-1aa1038d-42b7-448a-bb57-92dcd41562d3',NULL,'pending','product',205000,NULL,NULL,NULL,NULL,NULL,NULL,NULL,NULL,NULL,NULL,NULL,NULL,'2026-04-29 23:04:16','2026-04-29 23:04:17');
INSERT INTO `Order` (`id`,`preferenceId`,`paymentId`,`status`,`type`,`total`,`shippingName`,`shippingEmail`,`shippingDocType`,`shippingDocNumber`,`shippingPhone`,`shippingAddress`,`shippingNeighborhood`,`shippingAddressExtra`,`shippingDepartment`,`shippingCity`,`shippingPostalCode`,`shippingInstructions`,`createdAt`,`updatedAt`) VALUES ('cmp1dk56p0000o17ak9t6arkt','3369115656-8506c55c-5d33-44fc-813d-044dde81acb4',NULL,'pending','product',44000,NULL,NULL,NULL,NULL,NULL,NULL,NULL,NULL,NULL,NULL,NULL,NULL,'2026-05-11 15:46:49','2026-05-11 15:46:50');
INSERT INTO `Order` (`id`,`preferenceId`,`paymentId`,`status`,`type`,`total`,`shippingName`,`shippingEmail`,`shippingDocType`,`shippingDocNumber`,`shippingPhone`,`shippingAddress`,`shippingNeighborhood`,`shippingAddressExtra`,`shippingDepartment`,`shippingCity`,`shippingPostalCode`,`shippingInstructions`,`createdAt`,`updatedAt`) VALUES ('cmp7uuxx00004o12662hk5t91','3369115656-bc3e6164-9264-4ba7-98af-3f003f2186f4',NULL,'pending','product',35000,NULL,NULL,NULL,NULL,NULL,NULL,NULL,NULL,NULL,NULL,NULL,NULL,'2026-05-16 04:37:43','2026-05-16 04:37:44');
INSERT INTO `Order` (`id`,`preferenceId`,`paymentId`,`status`,`type`,`total`,`shippingName`,`shippingEmail`,`shippingDocType`,`shippingDocNumber`,`shippingPhone`,`shippingAddress`,`shippingNeighborhood`,`shippingAddressExtra`,`shippingDepartment`,`shippingCity`,`shippingPostalCode`,`shippingInstructions`,`createdAt`,`updatedAt`) VALUES ('cmp8xdhe70000o1byua6nmw9a','3369115656-97dee942-158f-4b20-9119-119befb428b5',NULL,'pending','product',91964,NULL,NULL,NULL,NULL,NULL,NULL,NULL,NULL,NULL,NULL,NULL,NULL,'2026-05-16 22:35:54','2026-05-16 22:35:54');
INSERT INTO `Order` (`id`,`preferenceId`,`paymentId`,`status`,`type`,`total`,`shippingName`,`shippingEmail`,`shippingDocType`,`shippingDocNumber`,`shippingPhone`,`shippingAddress`,`shippingNeighborhood`,`shippingAddressExtra`,`shippingDepartment`,`shippingCity`,`shippingPostalCode`,`shippingInstructions`,`createdAt`,`updatedAt`) VALUES ('cmp8xrsmk0000o1vid8kiiz8o','3369115656-970ecaad-b371-471d-aa15-0619d4538d46',NULL,'pending','product',126964,NULL,NULL,NULL,NULL,NULL,NULL,NULL,NULL,NULL,NULL,NULL,NULL,'2026-05-16 22:47:02','2026-05-16 22:47:02');
INSERT INTO `Order` (`id`,`preferenceId`,`paymentId`,`status`,`type`,`total`,`shippingName`,`shippingEmail`,`shippingDocType`,`shippingDocNumber`,`shippingPhone`,`shippingAddress`,`shippingNeighborhood`,`shippingAddressExtra`,`shippingDepartment`,`shippingCity`,`shippingPostalCode`,`shippingInstructions`,`createdAt`,`updatedAt`) VALUES ('cmp8y2elt0000o14ijhlr0xzy','3369115656-c02239f6-c0ef-42d6-98bf-b6ce9342068c',NULL,'pending','cotizador',91964,NULL,NULL,NULL,NULL,NULL,NULL,NULL,NULL,NULL,NULL,NULL,NULL,'2026-05-16 22:55:17','2026-05-16 22:55:17');
INSERT INTO `Order` (`id`,`preferenceId`,`paymentId`,`status`,`type`,`total`,`shippingName`,`shippingEmail`,`shippingDocType`,`shippingDocNumber`,`shippingPhone`,`shippingAddress`,`shippingNeighborhood`,`shippingAddressExtra`,`shippingDepartment`,`shippingCity`,`shippingPostalCode`,`shippingInstructions`,`createdAt`,`updatedAt`) VALUES ('cmp90his40000o1pcmaaq7vtk','3369115656-504c3796-6eab-4722-9c6c-eec6c8ffb51e',NULL,'pending','mixed',241964,NULL,NULL,NULL,NULL,NULL,NULL,NULL,NULL,NULL,NULL,NULL,NULL,'2026-05-17 00:03:01','2026-05-17 00:03:02');
INSERT INTO `Order` (`id`,`preferenceId`,`paymentId`,`status`,`type`,`total`,`shippingName`,`shippingEmail`,`shippingDocType`,`shippingDocNumber`,`shippingPhone`,`shippingAddress`,`shippingNeighborhood`,`shippingAddressExtra`,`shippingDepartment`,`shippingCity`,`shippingPostalCode`,`shippingInstructions`,`createdAt`,`updatedAt`) VALUES ('cmp9c0uu00000o1n09t46pk41','3369115656-6b417494-07eb-47d0-9247-99612ea611ea',NULL,'pending','product',105000,'Yony Sebastian Chaparro Mesa',NULL,NULL,NULL,'3228237649','Apartamento 101',NULL,NULL,'Casanare','Yopal','11001','sdsdf','2026-05-17 05:25:59','2026-05-17 05:25:59');
INSERT INTO `Order` (`id`,`preferenceId`,`paymentId`,`status`,`type`,`total`,`shippingName`,`shippingEmail`,`shippingDocType`,`shippingDocNumber`,`shippingPhone`,`shippingAddress`,`shippingNeighborhood`,`shippingAddressExtra`,`shippingDepartment`,`shippingCity`,`shippingPostalCode`,`shippingInstructions`,`createdAt`,`updatedAt`) VALUES ('cmp9c1wus0003o1n0iwmxadv4','3369115656-00c5fd33-4fbe-4619-abfe-e317645a55b2',NULL,'pending','product',23000,'Yony Sebastian Chaparro Mesa',NULL,NULL,NULL,'3228237649','Apartamento 101',NULL,NULL,'Antioquia','Turbo','11001','sfg','2026-05-17 05:26:48','2026-05-17 05:26:49');
INSERT INTO `Order` (`id`,`preferenceId`,`paymentId`,`status`,`type`,`total`,`shippingName`,`shippingEmail`,`shippingDocType`,`shippingDocNumber`,`shippingPhone`,`shippingAddress`,`shippingNeighborhood`,`shippingAddressExtra`,`shippingDepartment`,`shippingCity`,`shippingPostalCode`,`shippingInstructions`,`createdAt`,`updatedAt`) VALUES ('cmp9c4zvt0006o1n0pbc89gzp','3369115656-7ff3fc65-e180-4a45-b0fa-bc882ced3408',NULL,'pending','product',55000,'Yony Sebastian Chaparro Mesa',NULL,NULL,NULL,'3228237649','Apartamento 101',NULL,NULL,'Amazonas','Leticia','11001',NULL,'2026-05-17 05:29:12','2026-05-17 05:29:13');
INSERT INTO `Order` (`id`,`preferenceId`,`paymentId`,`status`,`type`,`total`,`shippingName`,`shippingEmail`,`shippingDocType`,`shippingDocNumber`,`shippingPhone`,`shippingAddress`,`shippingNeighborhood`,`shippingAddressExtra`,`shippingDepartment`,`shippingCity`,`shippingPostalCode`,`shippingInstructions`,`createdAt`,`updatedAt`) VALUES ('cmp9c6qfg0009o1n00dkpa6uh','3369115656-6dedbc4a-3560-4103-9f95-82e85fbb478d',NULL,'pending','mixed',238928,'Yony Sebastian Chaparro Mesa',NULL,NULL,NULL,'3228237649','Apartamento 101',NULL,NULL,'Antioquia','Itagüí','111311',NULL,'2026-05-17 05:30:33','2026-05-17 05:30:34');
INSERT INTO `Order` (`id`,`preferenceId`,`paymentId`,`status`,`type`,`total`,`shippingName`,`shippingEmail`,`shippingDocType`,`shippingDocNumber`,`shippingPhone`,`shippingAddress`,`shippingNeighborhood`,`shippingAddressExtra`,`shippingDepartment`,`shippingCity`,`shippingPostalCode`,`shippingInstructions`,`createdAt`,`updatedAt`) VALUES ('cmp9cib9y0000o1q0rmbu2mic','3369115656-7576bc30-d2e2-4595-95d8-56b071969345',NULL,'approved','mixed',146964,'Yony Sebastian Chaparro Mesa','yonisebastianchaparromesa@gmail.com','CC','235364','3228237649','Apartamento 101','BOGOTA, D.C.','df','Amazonas','Leticia','111311',NULL,'2026-05-17 05:39:33','2026-05-17 05:46:34');
INSERT INTO `Order` (`id`,`preferenceId`,`paymentId`,`status`,`type`,`total`,`shippingName`,`shippingEmail`,`shippingDocType`,`shippingDocNumber`,`shippingPhone`,`shippingAddress`,`shippingNeighborhood`,`shippingAddressExtra`,`shippingDepartment`,`shippingCity`,`shippingPostalCode`,`shippingInstructions`,`createdAt`,`updatedAt`) VALUES ('cmp9d6dck0000o1fuhnsukux2','3369115656-6749a190-448b-4df1-9806-c20c03f4e586',NULL,'pending','mixed',126964,'Yony Sebastian Chaparro Mesa','yonisebastianchaparromesa@gmail.com','CC','457245','3228237649','Apartamento 101','BOGOTA, D.C.',NULL,'Arauca','Tame','111311',NULL,'2026-05-17 05:58:16','2026-05-17 05:58:16');
INSERT INTO `Order` (`id`,`preferenceId`,`paymentId`,`status`,`type`,`total`,`shippingName`,`shippingEmail`,`shippingDocType`,`shippingDocNumber`,`shippingPhone`,`shippingAddress`,`shippingNeighborhood`,`shippingAddressExtra`,`shippingDepartment`,`shippingCity`,`shippingPostalCode`,`shippingInstructions`,`createdAt`,`updatedAt`) VALUES ('cmp9dcatt0003o1fuhvrbsgr8','3369115656-bd0f5214-08a4-40ac-98d5-256b3a8ff0cf',NULL,'in_process','cotizador',933416,'Yony Sebastian Chaparro Mesa','yonisebastianchaparromesa@gmail.com','CC','3151715','3228237649','Apartamento 101','BOGOTA, D.C.',NULL,'Arauca','Tame','111311',NULL,'2026-05-17 06:02:53','2026-05-17 06:04:56');
INSERT INTO `Order` (`id`,`preferenceId`,`paymentId`,`status`,`type`,`total`,`shippingName`,`shippingEmail`,`shippingDocType`,`shippingDocNumber`,`shippingPhone`,`shippingAddress`,`shippingNeighborhood`,`shippingAddressExtra`,`shippingDepartment`,`shippingCity`,`shippingPostalCode`,`shippingInstructions`,`createdAt`,`updatedAt`) VALUES ('cmp9dug8n0006o1fujrejxs5n','3369115656-8148a4e3-7e53-4e4c-b876-f97a36129752',NULL,'pending','cotizador',91964,'Yony Sebastian Chaparro Mesa','yonisebastianchaparromesa@gmail.com','CC','6385','7228237649','Apartamento 101','BOGOTA, D.C.',NULL,'Arauca','Tame',NULL,NULL,'2026-05-17 06:16:59','2026-05-17 06:17:00');
INSERT INTO `Order` (`id`,`preferenceId`,`paymentId`,`status`,`type`,`total`,`shippingName`,`shippingEmail`,`shippingDocType`,`shippingDocNumber`,`shippingPhone`,`shippingAddress`,`shippingNeighborhood`,`shippingAddressExtra`,`shippingDepartment`,`shippingCity`,`shippingPostalCode`,`shippingInstructions`,`createdAt`,`updatedAt`) VALUES ('cmp9e2etm0000o1llr7gtkear','3369115656-bc5709fb-8154-4786-8c50-dacc82ec77fb',NULL,'pending','product',35000,'Yony Sebastian Chaparro Mesa','yonisebastianchaparromesa@gmail.com','CC','346456','28237649','Apartamento 101','BOGOTA, D.C.',NULL,'Boyacá','Paipa','111311',NULL,'2026-05-17 06:23:11','2026-05-17 06:23:11');
INSERT INTO `Order` (`id`,`preferenceId`,`paymentId`,`status`,`type`,`total`,`shippingName`,`shippingEmail`,`shippingDocType`,`shippingDocNumber`,`shippingPhone`,`shippingAddress`,`shippingNeighborhood`,`shippingAddressExtra`,`shippingDepartment`,`shippingCity`,`shippingPostalCode`,`shippingInstructions`,`createdAt`,`updatedAt`) VALUES ('cmp9e8qwy0002o1ll0hhjmczq','3369115656-a7d41db1-5225-412d-91a8-aa66aa12770a',NULL,'pending','product',20000,'Yony Sebastian Chaparro Mesa','yonisebastianchaparromesa@gmail.com','CC','123123123','3228237649','Apartamento 101','BOGOTA, D.C.',NULL,'Antioquia','Itagüí','111311',NULL,'2026-05-17 06:28:06','2026-05-17 06:28:07');
INSERT INTO `Order` (`id`,`preferenceId`,`paymentId`,`status`,`type`,`total`,`shippingName`,`shippingEmail`,`shippingDocType`,`shippingDocNumber`,`shippingPhone`,`shippingAddress`,`shippingNeighborhood`,`shippingAddressExtra`,`shippingDepartment`,`shippingCity`,`shippingPostalCode`,`shippingInstructions`,`createdAt`,`updatedAt`) VALUES ('cmp9fjskv0000o1f8fummjb50','3369115656-f9164460-bca9-4c3d-9596-36023cb7ed3b',NULL,'pending','product',35000,'Yony Sebastian Chaparro Mesa','yonisebastianchaparromesa@gmail.com','CC','234234234234','3228237649','Apartamento 101','BOGOTA, D.C.',NULL,'Atlántico','Sabanalarga','11001',NULL,'2026-05-17 07:04:41','2026-05-17 07:04:42');
INSERT INTO `Order` (`id`,`preferenceId`,`paymentId`,`status`,`type`,`total`,`shippingName`,`shippingEmail`,`shippingDocType`,`shippingDocNumber`,`shippingPhone`,`shippingAddress`,`shippingNeighborhood`,`shippingAddressExtra`,`shippingDepartment`,`shippingCity`,`shippingPostalCode`,`shippingInstructions`,`createdAt`,`updatedAt`) VALUES ('cmp9fsk950002o1f84uyjgxkv','3369115656-af752379-2fca-4bfe-972f-7a66e61a60fe',NULL,'pending','product',35000,'Yony Sebastian Chaparro Mesa','yonisebastianchaparromesa@gmail.com','CC','2345678987654','4528237649','Apartamento 101','BOGOTA, D.C.',NULL,'Atlántico','Soledad',NULL,NULL,'2026-05-17 07:11:30','2026-05-17 07:11:31');
INSERT INTO `Order` (`id`,`preferenceId`,`paymentId`,`status`,`type`,`total`,`shippingName`,`shippingEmail`,`shippingDocType`,`shippingDocNumber`,`shippingPhone`,`shippingAddress`,`shippingNeighborhood`,`shippingAddressExtra`,`shippingDepartment`,`shippingCity`,`shippingPostalCode`,`shippingInstructions`,`createdAt`,`updatedAt`) VALUES ('cmp9ftxaf0004o1f8chlwfygw','3369115656-8020b752-26c0-4827-a2ef-eb45e508849d',NULL,'pending','product',40000,'Yony Sebastian Chaparro Mesa','yonisebastianchaparromesa@gmail.com','CC','2342325245','3228237649','Apartamento 101','BOGOTA, D.C.',NULL,'Atlántico','Soledad',NULL,NULL,'2026-05-17 07:12:34','2026-05-17 07:12:35');
INSERT INTO `Order` (`id`,`preferenceId`,`paymentId`,`status`,`type`,`total`,`shippingName`,`shippingEmail`,`shippingDocType`,`shippingDocNumber`,`shippingPhone`,`shippingAddress`,`shippingNeighborhood`,`shippingAddressExtra`,`shippingDepartment`,`shippingCity`,`shippingPostalCode`,`shippingInstructions`,`createdAt`,`updatedAt`) VALUES ('cmp9fwtyc0006o1f84xzf1umz','3369115656-4eb2c74c-94ed-46db-8700-832942fbf8f2',NULL,'pending','product',70000,'Yony Sebastian Chaparro Mesa','yonisebastianchaparromesa@gmail.com','CC','345676543','3228237649','Apartamento 101','BOGOTA, D.C.',NULL,'Atlántico','Soledad',NULL,NULL,'2026-05-17 07:14:50','2026-05-17 07:14:50');
INSERT INTO `Order` (`id`,`preferenceId`,`paymentId`,`status`,`type`,`total`,`shippingName`,`shippingEmail`,`shippingDocType`,`shippingDocNumber`,`shippingPhone`,`shippingAddress`,`shippingNeighborhood`,`shippingAddressExtra`,`shippingDepartment`,`shippingCity`,`shippingPostalCode`,`shippingInstructions`,`createdAt`,`updatedAt`) VALUES ('cmp9fz2qr0008o1f8vcxyfqo9','3369115656-0712a8f7-d7df-48ad-929a-1d6e05d5f003',NULL,'pending','product',70000,'Yony Sebastian Chaparro Mesa','yonisebastianchaparromesa@gmail.com','CC','23456543','228237649','Apartamento 101','BOGOTA, D.C.',NULL,'Bogotá D.C.','Bogotá',NULL,NULL,'2026-05-17 07:16:34','2026-05-17 07:16:35');
INSERT INTO `Order` (`id`,`preferenceId`,`paymentId`,`status`,`type`,`total`,`shippingName`,`shippingEmail`,`shippingDocType`,`shippingDocNumber`,`shippingPhone`,`shippingAddress`,`shippingNeighborhood`,`shippingAddressExtra`,`shippingDepartment`,`shippingCity`,`shippingPostalCode`,`shippingInstructions`,`createdAt`,`updatedAt`) VALUES ('cmp9g18io000ao1f8yws7im7h','3369115656-feff4cf9-5f46-4ab2-98ce-6d334ae7c7e7',NULL,'pending','product',4000,'Test Comprador','test_user_123@testuser.com','CC','1234567890','3001234567','Calle 123 # 45-67','El Poblado',NULL,'Antioquia','Medellín','050001',NULL,'2026-05-17 07:18:15','2026-05-17 07:18:16');
INSERT INTO `Order` (`id`,`preferenceId`,`paymentId`,`status`,`type`,`total`,`shippingName`,`shippingEmail`,`shippingDocType`,`shippingDocNumber`,`shippingPhone`,`shippingAddress`,`shippingNeighborhood`,`shippingAddressExtra`,`shippingDepartment`,`shippingCity`,`shippingPostalCode`,`shippingInstructions`,`createdAt`,`updatedAt`) VALUES ('cmp9g9t33000co1f8gqciew0i','3369115656-c12a712a-b6b3-48d0-9978-59a4b17386f0',NULL,'pending','product',20000,'Yony Sebastian Chaparro Mesa','yonisebastianchaparromesa@gmail.com','CC','98765432','228237649','Apartamento 101','BOGOTA, D.C.',NULL,'Arauca','Tame',NULL,NULL,'2026-05-17 07:24:55','2026-05-17 07:24:56');
INSERT INTO `Order` (`id`,`preferenceId`,`paymentId`,`status`,`type`,`total`,`shippingName`,`shippingEmail`,`shippingDocType`,`shippingDocNumber`,`shippingPhone`,`shippingAddress`,`shippingNeighborhood`,`shippingAddressExtra`,`shippingDepartment`,`shippingCity`,`shippingPostalCode`,`shippingInstructions`,`createdAt`,`updatedAt`) VALUES ('cmp9gh582000eo1f8qk22gqf2','3369115656-449b1640-aef8-4480-add0-5f478cec210b',NULL,'pending','product',20000,'Yony Sebastian Chaparro Mesa','yonisebastianchaparromesa@gmail.com','CC','4754763','228237649','Apartamento 101','BOGOTA, D.C.',NULL,'Atlántico','Baranoa',NULL,NULL,'2026-05-17 07:30:37','2026-05-17 07:30:38');

-- OrderItem
TRUNCATE TABLE `OrderItem`;
INSERT INTO `OrderItem` (`id`,`orderId`,`itemType`,`productId`,`slug`,`category`,`name`,`price`,`quantity`,`note`,`modelUrl`) VALUES ('cmoknmjnx0001o1ihvzzg2wg1','cmoknmjnx0000o1ih0l0i0waw','product','cmo53bpus0027o1wm8ftgmlju',NULL,NULL,'Fresa CNC 3.175mm recubrimiento nano azul titanio – Para grabado y corte en 3018 / 1610 / TTC450',35000,1,NULL,NULL);
INSERT INTO `OrderItem` (`id`,`orderId`,`itemType`,`productId`,`slug`,`category`,`name`,`price`,`quantity`,`note`,`modelUrl`) VALUES ('cmoknnoi90003o1ihgijr8li0','cmoknnoi90002o1ihu3iuz34c','product','cmo53bpus0027o1wm8ftgmlju',NULL,NULL,'Fresa CNC 3.175mm recubrimiento nano azul titanio – Para grabado y corte en 3018 / 1610 / TTC450',35000,1,NULL,NULL);
INSERT INTO `OrderItem` (`id`,`orderId`,`itemType`,`productId`,`slug`,`category`,`name`,`price`,`quantity`,`note`,`modelUrl`) VALUES ('cmoknom4f0005o1ih6tferixz','cmoknom4f0004o1ih6cb3iuk1','product','cmo53bpus0027o1wm8ftgmlju',NULL,NULL,'Fresa CNC 3.175mm recubrimiento nano azul titanio – Para grabado y corte en 3018 / 1610 / TTC450',35000,1,NULL,NULL);
INSERT INTO `OrderItem` (`id`,`orderId`,`itemType`,`productId`,`slug`,`category`,`name`,`price`,`quantity`,`note`,`modelUrl`) VALUES ('cmokntzln0007o1ihsi51xsfa','cmokntzln0006o1ihexvh31pp','product','cmo53bpur0025o1wmcygetxzn',NULL,NULL,'Polea de distribución GT2 19T 5mm para correa 10mm – Pack 5 unidades impresora 3D',35000,1,NULL,NULL);
INSERT INTO `OrderItem` (`id`,`orderId`,`itemType`,`productId`,`slug`,`category`,`name`,`price`,`quantity`,`note`,`modelUrl`) VALUES ('cmokntzln0008o1ihx8msi1gw','cmokntzln0006o1ihexvh31pp','product','cmo53bpuq0021o1wmk4ougbrq',NULL,NULL,'Kit de embudo con filtro para resina UV – Taza de acero inoxidable + palas de limpieza para impresora 3D',20000,1,NULL,NULL);
INSERT INTO `OrderItem` (`id`,`orderId`,`itemType`,`productId`,`slug`,`category`,`name`,`price`,`quantity`,`note`,`modelUrl`) VALUES ('cmokntzln0009o1ih47yf2srf','cmokntzln0006o1ihexvh31pp','product','cmo53bpup001yo1wmoulgz0rx',NULL,NULL,'Correa sincrónica 2GT 9mm x 6m – Para impresora 3D Ender 3 / CR-10 (copia)',150000,2,NULL,NULL);
INSERT INTO `OrderItem` (`id`,`orderId`,`itemType`,`productId`,`slug`,`category`,`name`,`price`,`quantity`,`note`,`modelUrl`) VALUES ('cmoknwho30001o1l1zfbletq8','cmoknwho30000o1l1d3nwfd3u','product','cmo53bpus0027o1wm8ftgmlju',NULL,NULL,'Fresa CNC 3.175mm recubrimiento nano azul titanio – Para grabado y corte en 3018 / 1610 / TTC450',35000,1,NULL,NULL);
INSERT INTO `OrderItem` (`id`,`orderId`,`itemType`,`productId`,`slug`,`category`,`name`,`price`,`quantity`,`note`,`modelUrl`) VALUES ('cmoknwho30002o1l1a274jhlh','cmoknwho30000o1l1d3nwfd3u','product','cmo53bpuq0021o1wmk4ougbrq',NULL,NULL,'Kit de embudo con filtro para resina UV – Taza de acero inoxidable + palas de limpieza para impresora 3D',20000,1,NULL,NULL);
INSERT INTO `OrderItem` (`id`,`orderId`,`itemType`,`productId`,`slug`,`category`,`name`,`price`,`quantity`,`note`,`modelUrl`) VALUES ('cmoknwho30003o1l1q3s05cj1','cmoknwho30000o1l1d3nwfd3u','product','cmo53bpup001yo1wmoulgz0rx',NULL,NULL,'Correa sincrónica 2GT 9mm x 6m – Para impresora 3D Ender 3 / CR-10 (copia)',150000,1,NULL,NULL);
INSERT INTO `OrderItem` (`id`,`orderId`,`itemType`,`productId`,`slug`,`category`,`name`,`price`,`quantity`,`note`,`modelUrl`) VALUES ('cmp1dk56q0001o17as7quh8tc','cmp1dk56p0000o17ak9t6arkt','product','cmo53bpud000ro1wm0k6o7zlv',NULL,NULL,'Modulo TL-Smoother reduce la vibración y el ruido',11000,4,NULL,NULL);
INSERT INTO `OrderItem` (`id`,`orderId`,`itemType`,`productId`,`slug`,`category`,`name`,`price`,`quantity`,`note`,`modelUrl`) VALUES ('cmp7uuxx00005o126vcs7pz2r','cmp7uuxx00004o12662hk5t91','product','cmo53bpus0027o1wm8ftgmlju',NULL,NULL,'Fresa CNC 3.175mm recubrimiento nano azul titanio – Para grabado y corte en 3018 / 1610 / TTC450',35000,1,NULL,NULL);
INSERT INTO `OrderItem` (`id`,`orderId`,`itemType`,`productId`,`slug`,`category`,`name`,`price`,`quantity`,`note`,`modelUrl`) VALUES ('cmp8xdhe70001o1bygj793dtu','cmp8xdhe70000o1byua6nmw9a','product',NULL,NULL,NULL,'Nutcracker New',91964,1,'FDM · PLA · 0.2mm · 40% relleno · 1x · Sin post-procesado',NULL);
INSERT INTO `OrderItem` (`id`,`orderId`,`itemType`,`productId`,`slug`,`category`,`name`,`price`,`quantity`,`note`,`modelUrl`) VALUES ('cmp8xrsmk0001o1vi932iczkt','cmp8xrsmk0000o1vid8kiiz8o','product','cmo53bpus0027o1wm8ftgmlju',NULL,NULL,'Fresa CNC 3.175mm recubrimiento nano azul titanio – Para grabado y corte en 3018 / 1610 / TTC450',35000,1,NULL,NULL);
INSERT INTO `OrderItem` (`id`,`orderId`,`itemType`,`productId`,`slug`,`category`,`name`,`price`,`quantity`,`note`,`modelUrl`) VALUES ('cmp8xrsmk0002o1vi0qn320yy','cmp8xrsmk0000o1vid8kiiz8o','product',NULL,NULL,NULL,'Nutcracker New',91964,1,'FDM · PLA · 0.2mm · 40% relleno · Sin post-proc.',NULL);
INSERT INTO `OrderItem` (`id`,`orderId`,`itemType`,`productId`,`slug`,`category`,`name`,`price`,`quantity`,`note`,`modelUrl`) VALUES ('cmp8y2elt0001o14io37efrak','cmp8y2elt0000o14ijhlr0xzy','cotizador',NULL,NULL,NULL,'Nutcracker New',91964,1,'FDM · PLA · Azul · 0.2mm · 40% relleno · 78.8×70.8×301.1mm · ~170.8g/u · ~64.1h/u · Sin post-proc.',NULL);
INSERT INTO `OrderItem` (`id`,`orderId`,`itemType`,`productId`,`slug`,`category`,`name`,`price`,`quantity`,`note`,`modelUrl`) VALUES ('cmp90his50001o1pctsf2ojfw','cmp90his40000o1pcmaaq7vtk','product','cmo53bpup001yo1wmoulgz0rx','correa-sincronica-2gt-9mm-x-6m-para-impresora-3d-ender-3-cr-10-copia','Repuestos para impresoras 3D','Correa sincrónica 2GT 9mm x 6m – Para impresora 3D Ender 3 / CR-10 (copia)',150000,1,NULL,NULL);
INSERT INTO `OrderItem` (`id`,`orderId`,`itemType`,`productId`,`slug`,`category`,`name`,`price`,`quantity`,`note`,`modelUrl`) VALUES ('cmp90his50002o1pcmxnvcpog','cmp90his40000o1pcmaaq7vtk','cotizador',NULL,NULL,NULL,'Nutcracker New',91964,1,'FDM · PLA · Azul · 0.2mm · 40% relleno · 78.8×70.8×301.1mm · ~170.8g/u · ~64.1h/u · Sin post-proc.',NULL);
INSERT INTO `OrderItem` (`id`,`orderId`,`itemType`,`productId`,`slug`,`category`,`name`,`price`,`quantity`,`note`,`modelUrl`) VALUES ('cmp9c0uu00001o1n0r8wlzio4','cmp9c0uu00000o1n09t46pk41','product','cmo53bpus0027o1wm8ftgmlju','fresa-cnc-3-175mm-recubrimiento-nano-azul-titanio-para-grabado-y-corte-en-3018-1610-ttc450','Repuestos para CNC','Fresa CNC 3.175mm recubrimiento nano azul titanio – Para grabado y corte en 3018 / 1610 / TTC450',35000,2,NULL,NULL);
INSERT INTO `OrderItem` (`id`,`orderId`,`itemType`,`productId`,`slug`,`category`,`name`,`price`,`quantity`,`note`,`modelUrl`) VALUES ('cmp9c0uu00002o1n0ezt7yx27','cmp9c0uu00000o1n09t46pk41','product','cmo53bpur0025o1wmcygetxzn','polea-de-distribucion-gt2-19t-5mm-para-correa-10mm-pack-5-unidades-impresora-3d','Repuestos para impresoras 3D','Polea de distribución GT2 19T 5mm para correa 10mm – Pack 5 unidades impresora 3D',35000,1,NULL,NULL);
INSERT INTO `OrderItem` (`id`,`orderId`,`itemType`,`productId`,`slug`,`category`,`name`,`price`,`quantity`,`note`,`modelUrl`) VALUES ('cmp9c1wus0004o1n0ctslby4r','cmp9c1wus0003o1n0iwmxadv4','product','cmo53bpum001oo1wmxponi6ek','acople-de-abrazadera-5x8-mm-para-motor-paso-a-paso-y-varilla-t8','Repuestos para impresoras 3D','Acople de abrazadera 5x8 mm para motor paso a paso y varilla T8',18000,1,NULL,NULL);
INSERT INTO `OrderItem` (`id`,`orderId`,`itemType`,`productId`,`slug`,`category`,`name`,`price`,`quantity`,`note`,`modelUrl`) VALUES ('cmp9c1wus0005o1n0wp9tdzl8','cmp9c1wus0003o1n0iwmxadv4','product','cmo53bpuk001eo1wmlgnzy3gm','microbroca-de-carburo-de-tungsteno-para-pcb-de-10mm-x-95mm-modelo-q1i0','Repuestos para CNC','Microbroca de carburo de tungsteno para PCB, de 1,0mm X 9,5mm. Modelo Q1I0.',5000,1,NULL,NULL);
INSERT INTO `OrderItem` (`id`,`orderId`,`itemType`,`productId`,`slug`,`category`,`name`,`price`,`quantity`,`note`,`modelUrl`) VALUES ('cmp9c4zvt0007o1n085capd8b','cmp9c4zvt0006o1n0pbc89gzp','product','cmo53bpus0027o1wm8ftgmlju','fresa-cnc-3-175mm-recubrimiento-nano-azul-titanio-para-grabado-y-corte-en-3018-1610-ttc450','Repuestos para CNC','Fresa CNC 3.175mm recubrimiento nano azul titanio – Para grabado y corte en 3018 / 1610 / TTC450',35000,1,NULL,NULL);
INSERT INTO `OrderItem` (`id`,`orderId`,`itemType`,`productId`,`slug`,`category`,`name`,`price`,`quantity`,`note`,`modelUrl`) VALUES ('cmp9c4zvt0008o1n09s2jjohn','cmp9c4zvt0006o1n0pbc89gzp','product','cmo53bpuq0021o1wmk4ougbrq','kit-de-embudo-con-filtro-para-resina-uv-taza-de-acero-inoxidable-palas-de-limpieza-para-impresora-3d','Resinas','Kit de embudo con filtro para resina UV – Taza de acero inoxidable + palas de limpieza para impresora 3D',20000,1,NULL,NULL);
INSERT INTO `OrderItem` (`id`,`orderId`,`itemType`,`productId`,`slug`,`category`,`name`,`price`,`quantity`,`note`,`modelUrl`) VALUES ('cmp9c6qfg000ao1n0rrpflsvz','cmp9c6qfg0009o1n00dkpa6uh','product','cmo53bpus0027o1wm8ftgmlju','fresa-cnc-3-175mm-recubrimiento-nano-azul-titanio-para-grabado-y-corte-en-3018-1610-ttc450','Repuestos para CNC','Fresa CNC 3.175mm recubrimiento nano azul titanio – Para grabado y corte en 3018 / 1610 / TTC450',35000,1,NULL,NULL);
INSERT INTO `OrderItem` (`id`,`orderId`,`itemType`,`productId`,`slug`,`category`,`name`,`price`,`quantity`,`note`,`modelUrl`) VALUES ('cmp9c6qfg000bo1n0pwwev640','cmp9c6qfg0009o1n00dkpa6uh','product','cmo53bpuq0021o1wmk4ougbrq','kit-de-embudo-con-filtro-para-resina-uv-taza-de-acero-inoxidable-palas-de-limpieza-para-impresora-3d','Resinas','Kit de embudo con filtro para resina UV – Taza de acero inoxidable + palas de limpieza para impresora 3D',20000,1,NULL,NULL);
INSERT INTO `OrderItem` (`id`,`orderId`,`itemType`,`productId`,`slug`,`category`,`name`,`price`,`quantity`,`note`,`modelUrl`) VALUES ('cmp9c6qfg000co1n0mdr2zvdp','cmp9c6qfg0009o1n00dkpa6uh','cotizador',NULL,NULL,NULL,'Nutcracker New',91964,2,'FDM · PLA · Azul · 0.2mm · 40% relleno · 78.8×70.8×301.1mm · ~170.8g/u · ~64.1h/u · Sin post-proc.',NULL);
INSERT INTO `OrderItem` (`id`,`orderId`,`itemType`,`productId`,`slug`,`category`,`name`,`price`,`quantity`,`note`,`modelUrl`) VALUES ('cmp9cib9z0001o1q0prvvqge4','cmp9cib9y0000o1q0rmbu2mic','product','cmo53bpur0025o1wmcygetxzn','polea-de-distribucion-gt2-19t-5mm-para-correa-10mm-pack-5-unidades-impresora-3d','Repuestos para impresoras 3D','Polea de distribución GT2 19T 5mm para correa 10mm – Pack 5 unidades impresora 3D',35000,1,NULL,NULL);
INSERT INTO `OrderItem` (`id`,`orderId`,`itemType`,`productId`,`slug`,`category`,`name`,`price`,`quantity`,`note`,`modelUrl`) VALUES ('cmp9cib9z0002o1q0aa5lbwoo','cmp9cib9y0000o1q0rmbu2mic','product','cmo53bpuq0021o1wmk4ougbrq','kit-de-embudo-con-filtro-para-resina-uv-taza-de-acero-inoxidable-palas-de-limpieza-para-impresora-3d','Resinas','Kit de embudo con filtro para resina UV – Taza de acero inoxidable + palas de limpieza para impresora 3D',20000,1,NULL,NULL);
INSERT INTO `OrderItem` (`id`,`orderId`,`itemType`,`productId`,`slug`,`category`,`name`,`price`,`quantity`,`note`,`modelUrl`) VALUES ('cmp9cib9z0003o1q02f0aqnl2','cmp9cib9y0000o1q0rmbu2mic','cotizador',NULL,NULL,NULL,'Copia de Nutcracker New',91964,1,'FDM · PLA · Azul · 0.2mm · 40% relleno · 78.8×70.8×301.1mm · ~170.8g/u · ~64.1h/u · Sin post-proc.',NULL);
INSERT INTO `OrderItem` (`id`,`orderId`,`itemType`,`productId`,`slug`,`category`,`name`,`price`,`quantity`,`note`,`modelUrl`) VALUES ('cmp9d6dck0001o1fuxnqvs1hz','cmp9d6dck0000o1fuhnsukux2','product','cmo53bpuo001wo1wmivvcbmg2','calentador-de-cartucho-12v-40w-6x20mm-pack-10-unidades-para-hotend-impresora-3d','Repuestos para impresoras 3D','Calentador de cartucho 12V 40W 6x20mm – Pack 10 unidades para hotend impresora 3D',35000,1,NULL,NULL);
INSERT INTO `OrderItem` (`id`,`orderId`,`itemType`,`productId`,`slug`,`category`,`name`,`price`,`quantity`,`note`,`modelUrl`) VALUES ('cmp9d6dck0002o1fuioc8kopu','cmp9d6dck0000o1fuhnsukux2','cotizador',NULL,NULL,NULL,'Nutcracker New',91964,1,'FDM · PLA · Azul · 0.2mm · 40% relleno · 78.8×70.8×301.1mm · ~170.8g/u · ~64.1h/u · Sin post-proc.','https://res.cloudinary.com/dpnv9gx8m/raw/upload/v1778997428/ecommerce-cesgar/modelos-3d/1778997425650-Nutcracker_New');
INSERT INTO `OrderItem` (`id`,`orderId`,`itemType`,`productId`,`slug`,`category`,`name`,`price`,`quantity`,`note`,`modelUrl`) VALUES ('cmp9dcatu0004o1fux6dg0v16','cmp9dcatt0003o1fuhvrbsgr8','cotizador',NULL,NULL,NULL,'1778997425650-Nutcracker_New',91964,1,'FDM · PLA · Azul · 0.2mm · 40% relleno · 78.8×70.8×301.1mm · ~170.8g/u · ~64.1h/u · Sin post-proc.','https://res.cloudinary.com/dpnv9gx8m/raw/upload/v1778997682/ecommerce-cesgar/modelos-3d/1778997681462-1778997425650-Nutcracker_New');
INSERT INTO `OrderItem` (`id`,`orderId`,`itemType`,`productId`,`slug`,`category`,`name`,`price`,`quantity`,`note`,`modelUrl`) VALUES ('cmp9dcatu0005o1fu9oy0ditr','cmp9dcatt0003o1fuhvrbsgr8','cotizador',NULL,NULL,NULL,'1778997425650-Nutcracker_New',841452,1,'RESINA · Tough · Negro · 0.05mm · 78.8×70.8×301.1mm · ~491.1g/u · ~51.2h/u · Sin post-proc.','https://res.cloudinary.com/dpnv9gx8m/raw/upload/v1778997754/ecommerce-cesgar/modelos-3d/1778997752817-1778997425650-Nutcracker_New.stl');
INSERT INTO `OrderItem` (`id`,`orderId`,`itemType`,`productId`,`slug`,`category`,`name`,`price`,`quantity`,`note`,`modelUrl`) VALUES ('cmp9dug8n0007o1fu6alrapqb','cmp9dug8n0006o1fujrejxs5n','cotizador',NULL,NULL,NULL,'1778997752817-1778997425650-Nutcracker_New',91964,1,'FDM · PLA · Azul · 0.2mm · 40% relleno · 78.8×70.8×301.1mm · ~170.8g/u · ~64.1h/u · Sin post-proc.','https://res.cloudinary.com/dpnv9gx8m/raw/upload/v1778998596/ecommerce-cesgar/modelos-3d/1778998595284-1778997752817-1778997425650-Nutcracker_New.stl');
INSERT INTO `OrderItem` (`id`,`orderId`,`itemType`,`productId`,`slug`,`category`,`name`,`price`,`quantity`,`note`,`modelUrl`) VALUES ('cmp9e2etm0001o1llrmfwk4gs','cmp9e2etm0000o1llr7gtkear','product','cmo53bpus0027o1wm8ftgmlju','fresa-cnc-3-175mm-recubrimiento-nano-azul-titanio-para-grabado-y-corte-en-3018-1610-ttc450','Repuestos para CNC','Fresa CNC 3.175mm recubrimiento nano azul titanio – Para grabado y corte en 3018 / 1610 / TTC450',35000,1,NULL,NULL);
INSERT INTO `OrderItem` (`id`,`orderId`,`itemType`,`productId`,`slug`,`category`,`name`,`price`,`quantity`,`note`,`modelUrl`) VALUES ('cmp9e8qwy0003o1llkj737s0o','cmp9e8qwy0002o1ll0hhjmczq','product','cmo53bpuq0021o1wmk4ougbrq','kit-de-embudo-con-filtro-para-resina-uv-taza-de-acero-inoxidable-palas-de-limpieza-para-impresora-3d','Resinas','Kit de embudo con filtro para resina UV – Taza de acero inoxidable + palas de limpieza para impresora 3D',20000,1,NULL,NULL);
INSERT INTO `OrderItem` (`id`,`orderId`,`itemType`,`productId`,`slug`,`category`,`name`,`price`,`quantity`,`note`,`modelUrl`) VALUES ('cmp9fjskv0001o1f86z6iowrd','cmp9fjskv0000o1f8fummjb50','product','cmo53bpus0027o1wm8ftgmlju','fresa-cnc-3-175mm-recubrimiento-nano-azul-titanio-para-grabado-y-corte-en-3018-1610-ttc450','Repuestos para CNC','Fresa CNC 3.175mm recubrimiento nano azul titanio – Para grabado y corte en 3018 / 1610 / TTC450',35000,1,NULL,NULL);
INSERT INTO `OrderItem` (`id`,`orderId`,`itemType`,`productId`,`slug`,`category`,`name`,`price`,`quantity`,`note`,`modelUrl`) VALUES ('cmp9fsk950003o1f8q3b8l4q6','cmp9fsk950002o1f84uyjgxkv','product','cmo53bpus0027o1wm8ftgmlju','fresa-cnc-3-175mm-recubrimiento-nano-azul-titanio-para-grabado-y-corte-en-3018-1610-ttc450','Repuestos para CNC','Fresa CNC 3.175mm recubrimiento nano azul titanio – Para grabado y corte en 3018 / 1610 / TTC450',35000,1,NULL,NULL);
INSERT INTO `OrderItem` (`id`,`orderId`,`itemType`,`productId`,`slug`,`category`,`name`,`price`,`quantity`,`note`,`modelUrl`) VALUES ('cmp9ftxaf0005o1f8yn7y2qyp','cmp9ftxaf0004o1f8chlwfygw','product','cmo53bpuq0021o1wmk4ougbrq','kit-de-embudo-con-filtro-para-resina-uv-taza-de-acero-inoxidable-palas-de-limpieza-para-impresora-3d','Resinas','Kit de embudo con filtro para resina UV – Taza de acero inoxidable + palas de limpieza para impresora 3D',20000,2,NULL,NULL);
INSERT INTO `OrderItem` (`id`,`orderId`,`itemType`,`productId`,`slug`,`category`,`name`,`price`,`quantity`,`note`,`modelUrl`) VALUES ('cmp9fwtyc0007o1f85rkl2yey','cmp9fwtyc0006o1f84xzf1umz','product','cmo53bpus0027o1wm8ftgmlju','fresa-cnc-3-175mm-recubrimiento-nano-azul-titanio-para-grabado-y-corte-en-3018-1610-ttc450','Repuestos para CNC','Fresa CNC 3.175mm recubrimiento nano azul titanio – Para grabado y corte en 3018 / 1610 / TTC450',35000,2,NULL,NULL);
INSERT INTO `OrderItem` (`id`,`orderId`,`itemType`,`productId`,`slug`,`category`,`name`,`price`,`quantity`,`note`,`modelUrl`) VALUES ('cmp9fz2qr0009o1f8b2xhdrxq','cmp9fz2qr0008o1f8vcxyfqo9','product','cmo53bpus0027o1wm8ftgmlju','fresa-cnc-3-175mm-recubrimiento-nano-azul-titanio-para-grabado-y-corte-en-3018-1610-ttc450','Repuestos para CNC','Fresa CNC 3.175mm recubrimiento nano azul titanio – Para grabado y corte en 3018 / 1610 / TTC450',35000,2,NULL,NULL);
INSERT INTO `OrderItem` (`id`,`orderId`,`itemType`,`productId`,`slug`,`category`,`name`,`price`,`quantity`,`note`,`modelUrl`) VALUES ('cmp9g18io000bo1f80d7o4hwj','cmp9g18io000ao1f8yws7im7h','product','cmo53bpti0000o1wmmtswfsu5','boquillas-de-laton-de-04-mm-mk8','Repuestos para impresoras 3D','Boquillas de latón de 0.4 mm MK8',4000,1,NULL,NULL);
INSERT INTO `OrderItem` (`id`,`orderId`,`itemType`,`productId`,`slug`,`category`,`name`,`price`,`quantity`,`note`,`modelUrl`) VALUES ('cmp9g9t33000do1f8rr83srls','cmp9g9t33000co1f8gqciew0i','product','cmo53bpuq0021o1wmk4ougbrq','kit-de-embudo-con-filtro-para-resina-uv-taza-de-acero-inoxidable-palas-de-limpieza-para-impresora-3d','Resinas','Kit de embudo con filtro para resina UV – Taza de acero inoxidable + palas de limpieza para impresora 3D',20000,1,NULL,NULL);
INSERT INTO `OrderItem` (`id`,`orderId`,`itemType`,`productId`,`slug`,`category`,`name`,`price`,`quantity`,`note`,`modelUrl`) VALUES ('cmp9gh582000fo1f8mkot1u8n','cmp9gh582000eo1f8qk22gqf2','product','cmo53bpuq0021o1wmk4ougbrq','kit-de-embudo-con-filtro-para-resina-uv-taza-de-acero-inoxidable-palas-de-limpieza-para-impresora-3d','Resinas','Kit de embudo con filtro para resina UV – Taza de acero inoxidable + palas de limpieza para impresora 3D',20000,1,NULL,NULL);

SET FOREIGN_KEY_CHECKS=1;